pl_name,hostname,sy_snum,sy_pnum,discoverymethod,disc_year,disc_facility,pl_controv_flag,pl_orbper,pl_orbpererr1,pl_orbpererr2,pl_orbperlim,pl_orbsmax,pl_orbsmaxerr1,pl_orbsmaxerr2,pl_orbsmaxlim,pl_rade,pl_radeerr1,pl_radeerr2,pl_radelim,pl_radj,pl_radjerr1,pl_radjerr2,pl_radjlim,pl_bmasse,pl_bmasseerr1,pl_bmasseerr2,pl_bmasselim,pl_bmassj,pl_bmassjerr1,pl_bmassjerr2,pl_bmassjlim,pl_bmassprov,pl_orbeccen,pl_orbeccenerr1,pl_orbeccenerr2,pl_orbeccenlim,pl_insol,pl_insolerr1,pl_insolerr2,pl_insollim,pl_eqt,pl_eqterr1,pl_eqterr2,pl_eqtlim,ttv_flag,st_spectype,st_teff,st_tefferr1,st_tefferr2,st_tefflim,st_rad,st_raderr1,st_raderr2,st_radlim,st_mass,st_masserr1,st_masserr2,st_masslim,st_met,st_meterr1,st_meterr2,st_metlim,st_metratio,st_logg,st_loggerr1,st_loggerr2,st_logglim,rastr,ra,decstr,dec,sy_dist,sy_disterr1,sy_disterr2,sy_vmag,sy_vmagerr1,sy_vmagerr2,sy_kmag,sy_kmagerr1,sy_kmagerr2,sy_gaiamag,sy_gaiamagerr1,sy_gaiamagerr2
AU Mic b,AU Mic,1,3,Transit,2020,Transiting Exoplanet Survey Satellite (TESS),0,8.46308,6e-05,-6e-05,0.0,0.0649,0.0012,-0.0012,0.0,3.95677019,0.14571675,-0.14571675,0.0,0.353,0.013,-0.013,0.0,20.12,1.57,-1.72,0.0,0.0633046,0.00493977,-0.00541173,0.0,Mass,0.00577,0.00101,-0.00101,0.0,21.2,2.5,-2.4,0.0,600.0,17.0,-16.0,0.0,1,M1,3678.0,90.0,-88.0,0.0,0.744,0.023,-0.021,0.0,0.51,0.028,-0.027,0.0,0.23,0.24,-0.3,0.0,[Fe/H],4.404,0.026,-0.031,0.0,20h45m09.87s,311.2911369,-31d20m32.82s,-31.34245,9.7221,0.004625,-0.004625,8.81,0.1,-0.1,4.529,0.02,-0.02,7.84038,0.000731,-0.000731
AU Mic c,AU Mic,1,3,Transit,2021,Transiting Exoplanet Survey Satellite (TESS),0,18.85969,8e-05,-8e-05,0.0,0.1108,0.002,-0.002,0.0,2.52202066,0.24659758,-0.24659758,0.0,0.225,0.022,-0.022,0.0,9.6,2.07,-2.31,0.0,0.03020498,0.00651295,-0.00726807,0.0,Mass,0.00338,0.00164,-0.00164,0.0,7.3,0.9,-0.8,0.0,459.0,13.0,-12.0,0.0,0,M1,3678.0,90.0,-88.0,0.0,0.744,0.023,-0.021,0.0,0.51,0.028,-0.027,0.0,0.23,0.24,-0.3,0.0,[Fe/H],4.404,0.026,-0.031,0.0,20h45m09.87s,311.2911369,-31d20m32.82s,-31.34245,9.7221,0.004625,-0.004625,8.81,0.1,-0.1,4.529,0.02,-0.02,7.84038,0.000731,-0.000731
EPIC 220674823 c,EPIC 220674823,1,2,Transit,2016,K2,0,13.33989,0.00068,-0.0007,0.0,0.1073,0.0026,-0.0027,0.0,2.84,0.1,-0.08,0.0,0.25336827,0.00892142,-0.00713713,0.0,7.32,2.49,-2.38,0.0,0.0230313,0.00783442,-0.00748832,0.0,Mass,0.17,0.11,-0.11,0.0,70.0,5.0,-4.0,0.0,804.0,13.0,-12.0,0.0,0,G5 V,5578.0,46.0,-46.0,0.0,0.99,0.012,-0.012,0.0,0.913,0.024,-0.024,0.0,-0.005,0.059,-0.059,0.0,[Fe/H],4.408,0.017,-0.017,0.0,00h52m19.21s,13.0800239,+10d47m40.94s,10.7947051,244.59,3.044,-2.972,12.101,0.031,-0.031,10.344,0.021,-0.021,11.9535,0.00022,-0.00022
EPIC 249893012 b,EPIC 249893012,1,3,Transit,2020,K2,0,3.5951,0.0003,-0.0003,0.0,0.047,0.005,-0.007,0.0,1.95,0.09,-0.08,0.0,0.17396735,0.00802926,-0.00713712,0.0,8.75,1.09,-1.08,0.0,0.02753044,0.00342951,-0.00339804,0.0,Mass,0.06,0.08,-0.04,0.0,1037.0,482.0,-207.0,0.0,1616.0,149.0,-79.0,0.0,0,G8 IV/V,5430.0,85.0,-85.0,0.0,1.71,0.04,-0.04,0.0,1.05,0.05,-0.05,0.0,0.2,0.05,-0.05,0.0,[Fe/H],3.99,0.03,-0.03,0.0,15h12m59.58s,228.2482353,-16d43m28.73s,-16.7246474,321.296,4.189,-4.085,11.429,0.022,-0.022,9.714,0.023,-0.023,11.4019,0.000495,-0.000495
EPIC 249893012 c,EPIC 249893012,1,3,Transit,2020,K2,0,15.624,0.001,-0.001,0.0,0.13,0.01,-0.02,0.0,3.67,0.17,-0.14,0.0,0.32741547,0.01516638,-0.01248996,0.0,14.67,1.84,-1.89,0.0,0.04615675,0.00578926,-0.00594658,0.0,Mass,0.07,0.08,-0.05,0.0,160.0,68.0,-29.0,0.0,990.0,92.0,-49.0,0.0,0,G8 IV/V,5430.0,85.0,-85.0,0.0,1.71,0.04,-0.04,0.0,1.05,0.05,-0.05,0.0,0.2,0.05,-0.05,0.0,[Fe/H],3.99,0.03,-0.03,0.0,15h12m59.58s,228.2482353,-16d43m28.73s,-16.7246474,321.296,4.189,-4.085,11.429,0.022,-0.022,9.714,0.023,-0.023,11.4019,0.000495,-0.000495
EPIC 249893012 d,EPIC 249893012,1,3,Transit,2020,K2,0,35.747,0.005,-0.005,0.0,0.22,0.02,-0.04,0.0,3.94,0.13,-0.12,0.0,0.35150326,0.01159782,-0.01070568,0.0,10.18,2.46,-2.42,0.0,0.0320297,0.00773999,-0.00761413,0.0,Mass,0.15,0.21,-0.11,0.0,53.0,23.0,-10.0,0.0,752.0,69.0,-37.0,0.0,0,G8 IV/V,5430.0,85.0,-85.0,0.0,1.71,0.04,-0.04,0.0,1.05,0.05,-0.05,0.0,0.2,0.05,-0.05,0.0,[Fe/H],3.99,0.03,-0.03,0.0,15h12m59.58s,228.2482353,-16d43m28.73s,-16.7246474,321.296,4.189,-4.085,11.429,0.022,-0.022,9.714,0.023,-0.023,11.4019,0.000495,-0.000495
GJ 1132 b,GJ 1132,1,2,Transit,2015,Cerro Tololo Inter-American Observatory,0,1.62892911,2.9e-07,-3e-07,0.0,0.0157,0.00013,-0.00013,0.0,1.19151465,0.03811053,-0.04483592,0.0,0.1063,0.0034,-0.004,0.0,1.83704819,0.19069704,-0.18751876,0.0,0.00578,0.0006,-0.00059,0.0,Mass,0.0118,0.047,-0.0099,0.0,19.3,1.5,-1.1,0.0,583.8,11.0,-8.5,0.0,0,M4.5 V,3229.0,78.0,-62.0,0.0,0.2211,0.0069,-0.0081,0.0,0.1945,0.0048,-0.0046,0.0,-0.17,0.15,-0.15,0.0,[Fe/H],5.037,0.034,-0.026,0.0,10h14m50.18s,153.7090696,-47d09m17.77s,-47.1549358,12.613,0.007,-0.007,13.68,0.2,-0.2,8.322,0.027,-0.027,12.138,0.000387,-0.000387
GJ 1214 b,GJ 1214,1,1,Transit,2009,MEarth Project,0,1.580404531,1.8e-08,-1.7e-08,0.0,0.01505,0.00011,-0.00011,0.0,2.733,0.033,-0.031,0.0,0.24382235,0.00294407,-0.00276564,0.0,8.41,0.36,-0.35,0.0,0.02646082,0.00113269,-0.00110122,0.0,Mass,0.0062,0.0079,-0.0044,0.0,17.2,1.0,-0.9,0.0,567.0,7.6,-7.6,0.0,0,M4 V,3101.0,43.0,-43.0,0.0,0.2162,0.0025,-0.0024,0.0,0.182,0.0042,-0.0041,0.0,0.24,0.11,-0.11,0.0,[Fe/H],5.0286,0.0078,-0.0088,0.0,17h15m19.54s,258.8313991,+04d57m38.45s,4.9606795,14.6427,0.0372,-0.0372,15.1,0.2,-0.2,8.782,0.02,-0.02,13.0089,0.001061,-0.001061
GJ 367 b,GJ 367,1,3,Transit,2021,Transiting Exoplanet Survey Satellite (TESS),0,0.3219225,2e-07,-2e-07,0.0,0.00709,0.00027,-0.00027,0.0,0.699,0.024,-0.024,0.0,0.06236071,0.00214114,-0.00214114,0.0,0.633,0.05,-0.05,0.0,0.00199164,0.00015732,-0.00015732,0.0,Mass,0.06,0.07,-0.04,0.0,579.0,57.0,-52.0,0.0,1365.0,32.0,-32.0,0.0,0,M1.0 V,3522.0,70.0,-70.0,0.0,0.458,0.013,-0.013,0.0,0.455,0.011,-0.011,0.0,-0.01,0.12,-0.12,0.0,[Fe/H],4.776,0.026,-0.026,0.0,09h44m29.15s,146.121464,-45d46m44.46s,-45.7790165,9.41263,0.002835,-0.002835,10.153,0.044,-0.044,5.78,0.02,-0.02,9.15159,0.00065,-0.00065
GJ 486 b,GJ 486,1,1,Radial Velocity,2021,Calar Alto Observatory,0,1.46712127,3.1e-07,-3.5e-07,0.0,0.01714,0.00013,-0.00013,0.0,1.289,0.019,-0.014,0.0,0.11499708,0.00169507,-0.001249,0.0,2.77,0.076,-0.073,0.0,0.00871539,0.00023912,-0.00022968,0.0,Mass,0.00086,0.0016,-0.00043,0.0,39.2,1.7,-1.6,0.0,696.3,7.2,-7.3,0.0,0,M3.5 V,3317.0,36.0,-37.0,0.0,0.3243,0.0044,-0.0034,0.0,0.312,0.007,-0.0069,0.0,-0.15,0.13,-0.12,0.0,[Fe/H],4.9111,0.0068,-0.011,0.0,12h47m55.57s,191.981531,+09d44m57.91s,9.7494181,8.07426,0.004095,-0.004095,11.39,0.1,-0.1,6.362,0.018,-0.018,10.094,0.000746,-0.000746
HAT-P-11 b,HAT-P-11,1,2,Transit,2008,HATNet,0,4.888,0.0001,-0.0001,0.0,0.05258,0.0006,-0.0006,0.0,4.36,0.06,-0.06,0.0,0.38897315,0.00535284,-0.00535284,0.0,25.0,1.5,-1.5,0.0,0.0787,0.0048,-0.0048,0.0,Mass,0.251,0.045,-0.047,0.0,100.77,1.859,-1.841,0.0,838.0,10.0,-10.0,0.0,0,K4,4653.0,33.0,-35.0,0.0,0.683,0.009,-0.009,0.0,0.811,0.03,-0.03,0.0,0.31,0.05,-0.05,0.0,[Fe/H],4.663,0.012,-0.012,0.0,19h50m50.44s,297.7101763,+48d04m54.71s,48.0818635,37.7647,0.0337,-0.0336,9.46,0.03,-0.03,7.009,0.02,-0.02,9.15098,0.000293,-0.000293
HAT-P-19 b,HAT-P-19,1,1,Transit,2010,HATNet,0,4.00878322,1.9e-07,-1.9e-07,0.0,0.04599,0.00063,-0.00058,0.0,11.29865255,0.15692573,-0.14571675,0.0,1.008,0.014,-0.013,0.0,88.03846874,5.40308292,-5.08525451,0.0,0.277,0.017,-0.016,0.0,Mass,0.07,0.04,-0.04,0.0,154.0,5.0,-5.0,0.0,981.2,7.7,-8.1,0.0,0,K1,4962.0,39.0,-41.0,0.0,0.773,0.011,-0.01,0.0,0.807,0.034,-0.03,0.0,0.166,0.07,-0.068,0.0,[Fe/H],4.5687,0.0066,-0.0067,0.0,00h38m03.98s,9.5165832,+34d42m41.05s,34.7114025,202.078,1.471,-1.451,12.826,0.057,-0.057,10.546,0.019,-0.019,12.5567,0.000238,-0.000238
HAT-P-25 b,HAT-P-25,1,1,Transit,2010,HATNet,0,3.65281514,7.6e-07,-7.5e-07,0.0,0.0466,0.00081,-0.0008,0.0,12.722215,0.538032,-0.538032,0.0,1.135,0.048,-0.048,0.0,180.84527,7.31009,-6.99226,0.0,0.569,0.023,-0.022,0.0,Mass,0.023,0.022,-0.014,0.0,325.0,29.0,-26.0,0.0,1182.0,25.0,-25.0,0.0,0,G5,5519.0,78.0,-76.0,0.0,0.919,0.034,-0.034,0.0,1.012,0.053,-0.051,0.0,0.294,0.08,-0.08,0.0,[Fe/H],4.516,0.026,-0.025,0.0,03h13m44.51s,48.4354731,+25d11m50.48s,25.1973548,300.384,4.3,-4.182,13.146,0.092,-0.092,10.815,0.018,-0.018,12.8416,0.000244,-0.000244
HAT-P-36 b,HAT-P-36,1,1,Transit,2011,HATNet,0,1.32734683,4.8e-07,-4.8e-07,0.0,0.0241,0.00047,-0.00047,0.0,14.313893,0.22418,-0.22418,0.0,1.277,0.02,-0.02,0.0,587.413406,27.65121,-27.65121,0.0,1.8482,0.087,-0.087,0.0,Mass,0.063,0.021,-0.023,0.0,1821.0,27.0,-27.0,0.0,1780.97,18.8,-18.8,0.0,0,G5 V,5620.0,40.0,-40.0,0.0,1.041,0.013,-0.013,0.0,1.03,0.03,-0.03,0.0,0.25,0.09,-0.09,0.0,[Fe/H],4.416,0.011,-0.011,0.0,12h33m03.89s,188.2662048,+44d54m55.32s,44.9153672,294.419,2.269,-2.235,12.146,0.025,-0.025,10.603,0.021,-0.021,12.093,0.000533,-0.000533
HAT-P-9 b,HAT-P-9,1,1,Transit,2008,HATNet,0,3.92281072,1.02e-06,-1.02e-06,0.0,0.05287,0.00078,-0.00078,0.0,15.614137,0.751003,-0.728585,0.0,1.393,0.067,-0.065,0.0,238.05467,20.34112,-20.02329,0.0,0.749,0.064,-0.063,0.0,Mass,0.084,0.052,-0.047,0.0,931.0,73.0,-69.0,0.0,1540.0,32.0,-30.0,0.0,0,F7,6350.0,150.0,-150.0,0.0,1.338,0.065,-0.06,0.0,1.281,0.057,-0.056,0.0,0.12,0.2,-0.2,0.0,[Fe/H],4.293,0.033,-0.035,0.0,07h20m40.44s,110.1685157,+37d08m26.14s,37.1405946,455.203,8.968,-8.635,12.344,0.047,-0.047,11.015,0.021,-0.021,12.1536,0.000227,-0.000227
HATS-17 b,HATS-17,1,1,Transit,2016,HATSouth,0,16.254611,7.3e-05,-7.3e-05,0.0,0.1308,0.0012,-0.0012,0.0,8.709393,0.627704,-0.627704,0.0,0.777,0.056,-0.056,0.0,425.25654,20.65895,-20.65895,0.0,1.338,0.065,-0.065,0.0,Mass,0.029,0.022,-0.022,0.0,72.7,9.6,-9.6,0.0,814.0,25.0,-25.0,0.0,0,G V,5846.0,78.0,-78.0,0.0,1.091,0.07,-0.046,0.0,1.131,0.03,-0.03,0.0,0.3,0.03,-0.03,0.0,[Fe/H],4.416,0.042,-0.042,0.0,12h48m45.50s,192.1895676,-47d36m49.24s,-47.6136789,400.331,10.228,-9.74,12.402,0.057,-0.057,10.698,0.021,-0.021,12.2179,0.000249,-0.000249
HATS-36 b,HATS-36,1,1,Transit,2018,HATSouth,0,4.175186,3.3e-05,-3.3e-05,0.0,0.0523,0.0006,-0.0006,0.0,12.92,0.38,-0.38,0.0,1.1526452,0.03390133,-0.03390133,0.0,1022.14128,19.70546,-19.70546,0.0,3.216,0.062,-0.062,0.0,Mass,0.105,0.028,-0.028,0.0,561.0,51.0,-51.0,0.0,1203.0,25.0,-24.0,0.0,0,G0 V,5950.0,83.0,-83.0,0.0,1.1,0.03,-0.03,0.0,1.1,0.04,-0.04,0.0,0.15,0.06,-0.06,0.0,[Fe/H],4.4,0.03,-0.03,0.0,19h25m54.89s,291.4787013,-23d12m10.15s,-23.2028183,856.436,21.874,-20.829,14.364,0.149,-0.149,12.809,0.026,-0.026,14.233,0.000411,-0.000411
HD 106315 b,HD 106315,1,2,Transit,2017,K2,0,9.55237,0.00089,-0.00089,0.0,0.0907,0.001,-0.001,0.0,2.44,0.17,-0.17,0.0,0.21768222,0.01516638,-0.01516638,0.0,12.6,3.2,-3.2,0.0,0.03964383,0.01006828,-0.01006828,0.0,Mass,0.093,0.11,-0.068,0.0,240.0,48.0,-43.0,0.0,1153.0,25.0,-25.0,0.0,0,F5 V,6327.0,48.0,-48.0,0.0,1.296,0.058,-0.058,0.0,1.091,0.036,-0.036,0.0,-0.311,0.079,-0.079,0.0,[Fe/H],4.252,0.043,-0.043,0.0,12h13m53.39s,183.4724742,-00d23m36.37s,-0.3934357,109.353,0.691,-0.681,8.951,0.003,-0.003,7.853,0.02,-0.02,8.88841,0.000251,-0.000251
HD 106315 c,HD 106315,1,2,Transit,2017,K2,0,21.05704,0.00046,-0.00046,0.0,0.1536,0.0017,-0.0017,0.0,4.35,0.23,-0.23,0.0,0.38808101,0.02051923,-0.02051923,0.0,15.2,3.7,-3.7,0.0,0.04782431,0.01164144,-0.01164144,0.0,Mass,0.22,0.15,-0.15,0.0,83.0,16.0,-15.0,0.0,886.0,20.0,-20.0,0.0,1,F5 V,6327.0,48.0,-48.0,0.0,1.296,0.058,-0.058,0.0,1.091,0.036,-0.036,0.0,-0.311,0.079,-0.079,0.0,[Fe/H],4.252,0.043,-0.043,0.0,12h13m53.39s,183.4724742,-00d23m36.37s,-0.3934357,109.353,0.691,-0.681,8.951,0.003,-0.003,7.853,0.02,-0.02,8.88841,0.000251,-0.000251
HD 110113 b,HD 110113,1,2,Transit,2021,Transiting Exoplanet Survey Satellite (TESS),0,2.541,0.0005,-0.001,0.0,0.035,0.001,-0.001,0.0,2.05,0.12,-0.12,0.0,0.18288875,0.01070568,-0.01070568,0.0,4.55,0.62,-0.62,0.0,0.01431583,0.00195073,-0.00195073,0.0,Mass,0.093,0.079,-0.064,0.0,735.49,29.39,-29.39,0.0,1371.0,14.0,-14.0,0.0,0,G,5732.0,50.0,-50.0,0.0,0.968,0.018,-0.018,0.0,0.997,0.06,-0.06,0.0,0.14,0.02,-0.02,0.0,[Fe/H],4.46,0.05,-0.05,0.0,12h40m08.78s,190.0365636,-44d18m43.48s,-44.3120777,106.307,0.724,-0.715,10.09,0.03,-0.03,8.502,0.024,-0.024,9.91036,0.000452,-0.000452
HD 110113 c,HD 110113,1,2,Radial Velocity,2021,La Silla Observatory,0,6.744,0.008,-0.009,0.0,0.068,0.001,-0.002,0.0,2.11384817,4.644325,-4.644325,0.0,0.18858523,0.41433964,-0.41433964,0.0,10.5,1.2,-1.2,0.0,0.03303653,0.0037756,-0.0037756,0.0,Msini,0.045,0.079,-0.038,0.0,199.9,8.1,-8.1,0.0,990.0,10.0,-10.0,0.0,0,G,5732.0,50.0,-50.0,0.0,0.968,0.018,-0.018,0.0,0.997,0.06,-0.06,0.0,0.14,0.02,-0.02,0.0,[Fe/H],4.46,0.05,-0.05,0.0,12h40m08.78s,190.0365636,-44d18m43.48s,-44.3120777,106.307,0.724,-0.715,10.09,0.03,-0.03,8.502,0.024,-0.024,9.91036,0.000452,-0.000452
HD 118203 b,HD 118203,1,2,Radial Velocity,2005,Haute-Provence Observatory,0,6.1349779,2e-06,-2e-06,0.0,0.0713,0.002,-0.002,0.0,12.778238,0.32506044,-0.32506044,0.0,1.14,0.029,-0.029,0.0,680.152791,38.13940884,-38.13940884,0.0,2.14,0.12,-0.12,0.0,Mass,0.3136,0.0075,-0.0075,0.0,593.4,8.2,-8.2,0.0,1361.0,23.0,-22.0,0.0,0,K0 IV,5742.0,93.0,-95.0,0.0,2.04,0.03,-0.03,0.0,1.27,0.028,-0.032,0.0,0.287,0.069,-0.111,0.0,[Fe/H],3.92,0.02,-0.02,0.0,13h34m02.39s,203.509956,+53d43m41.48s,53.7281876,92.2589,0.2364,-0.2352,8.05,0.03,-0.03,6.543,0.023,-0.023,7.89255,0.00031,-0.00031
HD 1397 b,HD 1397,1,1,Transit,2018,Transiting Exoplanet Survey Satellite (TESS),0,11.53533,0.00079,-0.0008,0.0,0.1097,0.0011,-0.0013,0.0,11.500434,0.280225,-0.302643,0.0,1.026,0.025,-0.027,0.0,131.89945,6.3566,-6.3566,0.0,0.415,0.02,-0.02,0.0,Mass,0.251,0.02,-0.019,0.0,356.0,12.0,-12.0,0.0,1228.3,10.0,-9.9,0.0,0,G5 III/IV,5521.0,60.0,-60.0,0.0,2.336,0.052,-0.059,0.0,1.324,0.042,-0.046,0.0,0.29,0.09,-0.09,0.0,[Fe/H],3.823,0.02,-0.02,0.0,00h17m47.32s,4.4471631,-66d21m32.14s,-66.3589285,79.5702,0.1738,-0.1731,7.79,0.03,-0.03,5.988,0.018,-0.018,7.59336,0.000278,-0.000278
HD 183579 b,HD 183579,1,1,Transit,2021,Transiting Exoplanet Survey Satellite (TESS),0,17.471291,2.7e-05,-2.8e-05,0.0,0.1322,0.0021,-0.0022,0.0,3.49,0.07,-0.064,0.0,0.31135748,0.00624499,-0.00570971,0.0,20.4,2.6,-2.5,0.0,0.06418558,0.00818051,-0.00786588,0.0,Mass,0.061,0.061,-0.042,0.0,58.1,5.3,-3.9,0.0,752.0,10.0,-10.0,0.0,0,G2 V,5784.0,61.0,-61.0,0.0,0.96,0.006,-0.006,0.0,0.996,0.049,-0.049,0.0,-0.038,0.04,-0.04,0.0,[Fe/H],4.45,0.1,-0.1,0.0,19h33m08.79s,293.2866147,-54d31m57.82s,-54.5327284,57.2651,0.1875,-0.1864,8.67,0.03,-0.03,7.15,0.027,-0.027,8.51549,0.000259,-0.000259
HD 18599 b,HD 18599,2,1,Transit,2022,Transiting Exoplanet Survey Satellite (TESS),0,4.1374354,3.6e-06,-3.7e-06,0.0,0.048,0.0004,-0.0004,0.0,2.6,0.15,-0.13,0.0,0.23195686,0.01338213,-0.01159784,0.0,24.1,7.1,-7.7,0.0,0.07582708,0.0223391,-0.02422691,0.0,Mass,0.34,0.07,-0.09,0.0,145.0,16.0,-12.0,0.0,863.0,21.0,-18.0,0.0,0,K2 V,5145.0,50.0,-50.0,0.0,0.767,0.024,-0.024,0.0,0.863,0.02,-0.02,0.0,0.0,0.08,-0.08,0.0,[Fe/H],4.54,0.09,-0.09,0.0,02h57m02.88s,44.2620144,-56d11m30.73s,-56.1918694,38.5653,0.0366,-0.0366,8.99,0.03,-0.03,6.883,0.02,-0.02,8.73117,0.000651,-0.000651
HD 191939 b,HD 191939,1,6,Transit,2020,Transiting Exoplanet Survey Satellite (TESS),0,8.8803256,4.7e-06,-4.7e-06,0.0,0.0804,0.0025,-0.0023,0.0,3.41,0.075,-0.075,0.0,0.30422035,0.00669106,-0.00669106,0.0,10.0,0.7,-0.7,0.0,0.03146352,0.00220245,-0.00220245,0.0,Mass,0.031,0.01,-0.011,0.0,100.0,7.0,-7.0,0.0,880.0,20.0,-20.0,0.0,0,G9 V,5348.0,100.0,-100.0,0.0,0.94,0.02,-0.02,0.0,0.81,0.04,-0.04,0.0,-0.15,0.06,-0.06,0.0,[Fe/H],4.3,0.1,-0.1,0.0,20h08m06.15s,302.0256247,+66d51m01.09s,66.8503014,53.6089,0.0733,-0.0731,8.97,0.03,-0.03,7.18,0.021,-0.021,8.77476,0.000238,-0.000238
HD 191939 c,HD 191939,1,6,Transit,2020,Transiting Exoplanet Survey Satellite (TESS),0,28.579743,4.5e-05,-4.5e-05,0.0,0.1752,0.0055,-0.005,0.0,3.195,0.075,-0.075,0.0,0.2850393,0.00669106,-0.00669106,0.0,8.0,1.0,-1.0,0.0,0.02517081,0.00314635,-0.00314635,0.0,Mass,0.034,0.034,-0.013,0.0,21.0,1.4,-1.4,0.0,600.0,13.0,-13.0,0.0,0,G9 V,5348.0,100.0,-100.0,0.0,0.94,0.02,-0.02,0.0,0.81,0.04,-0.04,0.0,-0.15,0.06,-0.06,0.0,[Fe/H],4.3,0.1,-0.1,0.0,20h08m06.15s,302.0256247,+66d51m01.09s,66.8503014,53.6089,0.0733,-0.0731,8.97,0.03,-0.03,7.18,0.021,-0.021,8.77476,0.000238,-0.000238
HD 191939 d,HD 191939,1,6,Transit,2020,Transiting Exoplanet Survey Satellite (TESS),0,38.353037,6e-05,-6e-05,0.0,0.2132,0.0065,-0.0061,0.0,2.995,0.07,-0.07,0.0,0.26719646,0.00624499,-0.00624499,0.0,2.8,0.6,-0.6,0.0,0.00880979,0.00188781,-0.00188781,0.0,Mass,0.031,0.018,-0.012,0.0,14.3,1.0,-1.0,0.0,540.0,11.0,-11.0,0.0,0,G9 V,5348.0,100.0,-100.0,0.0,0.94,0.02,-0.02,0.0,0.81,0.04,-0.04,0.0,-0.15,0.06,-0.06,0.0,[Fe/H],4.3,0.1,-0.1,0.0,20h08m06.15s,302.0256247,+66d51m01.09s,66.8503014,53.6089,0.0733,-0.0731,8.97,0.03,-0.03,7.18,0.021,-0.021,8.77476,0.000238,-0.000238
HD 207496 b,HD 207496,1,1,Transit,2023,Transiting Exoplanet Survey Satellite (TESS),0,6.441008,1.1e-05,-1.1e-05,0.0,0.0629,0.0011,-0.0011,0.0,2.25,0.12,-0.1,0.0,0.2007319,0.0107057,-0.00892142,0.0,6.1,1.6,-1.6,0.0,0.01919275,0.00503416,-0.00503416,0.0,Mass,0.231,0.042,-0.049,0.0,72.9,8.5,-7.5,0.0,743.0,26.0,-26.0,0.0,0,K2.5 V,4819.0,94.0,-94.0,0.0,0.769,0.026,-0.026,0.0,0.8,0.04,-0.04,0.0,0.095,0.038,-0.038,0.0,[Fe/H],4.507,0.04,-0.04,0.0,21h54m52.36s,328.7181708,-77d20m19.69s,-77.3388025,23.606,0.0179,-0.0179,8.23,0.03,-0.03,5.967,0.026,-0.026,7.97255,0.000514,-0.000514
HD 219134 c,HD 219134,1,6,Radial Velocity,2015,Roque de los Muchachos Observatory,0,6.76458,0.00033,-0.00033,0.0,0.0653,0.0008,-0.0008,0.0,1.511,0.047,-0.047,0.0,0.13480239,0.00419306,-0.00419306,0.0,4.36,0.22,-0.22,0.0,0.01371803,0.00069219,-0.00069219,0.0,Mass,0.062,0.039,-0.039,0.0,62.1,1.9,-1.9,0.0,782.0,6.0,-6.0,0.0,0,K3 V,4699.0,16.0,-16.0,0.0,0.778,0.005,-0.005,0.0,0.81,0.03,-0.03,0.0,0.11,0.04,-0.04,0.0,[Fe/H],4.567,0.018,-0.018,0.0,23h13m20.93s,348.3372026,+57d10m10.65s,57.1696255,6.53127,0.00384,-0.00385,5.56911,0.023,-0.023,3.261,0.304,-0.304,5.2402,0.0022257,-0.0022257
HD 219134 d,HD 219134,1,6,Radial Velocity,2015,Roque de los Muchachos Observatory,0,46.859,0.028,-0.028,0.0,0.237,0.003,-0.003,0.0,1.61,0.02,-0.02,-1.0,0.14363458,0.00178428,-0.00178428,-1.0,16.17,0.64,-0.64,-1.0,0.05087625,0.00201366,-0.00201366,-1.0,Mass,0.138,0.025,-0.025,0.0,4.72,0.15,-0.15,0.0,410.5,3.2,-3.2,0.0,0,K3 V,4699.0,16.0,-16.0,0.0,0.778,0.005,-0.005,0.0,0.81,0.03,-0.03,0.0,0.11,0.04,-0.04,0.0,[Fe/H],4.567,0.018,-0.018,0.0,23h13m20.93s,348.3372026,+57d10m10.65s,57.1696255,6.53127,0.00384,-0.00385,5.56911,0.023,-0.023,3.261,0.304,-0.304,5.2402,0.0022257,-0.0022257
HD 219134 f,HD 219134,1,6,Radial Velocity,2015,Multiple Observatories,1,22.717,0.015,-0.015,0.0,0.1463,0.0018,-0.0018,0.0,1.31,0.02,-0.02,-1.0,0.11687037,0.00178428,-0.00178428,-1.0,7.3,0.4,-0.4,-1.0,0.02296825,0.00125853,-0.00125853,-1.0,Mass,0.148,0.047,-0.047,0.0,12.38,0.38,-0.38,0.0,522.6,4.1,-4.1,0.0,0,K3 V,4699.0,16.0,-16.0,0.0,0.778,0.005,-0.005,0.0,0.81,0.03,-0.03,0.0,0.11,0.04,-0.04,0.0,[Fe/H],4.567,0.018,-0.018,0.0,23h13m20.93s,348.3372026,+57d10m10.65s,57.1696255,6.53127,0.00384,-0.00385,5.56911,0.023,-0.023,3.261,0.304,-0.304,5.2402,0.0022257,-0.0022257
HD 23472 b,HD 23472,1,5,Transit,2019,Transiting Exoplanet Survey Satellite (TESS),0,17.667087,4.2e-05,-4.2e-05,0.0,0.1162,0.0018,-0.0018,0.0,2.0,0.11,-0.1,0.0,0.17842836,0.00981356,-0.00892142,0.0,8.32,0.78,-0.79,0.0,0.02617765,0.00245415,-0.00248562,0.0,Mass,0.072,0.039,-0.04,0.0,16.0,1.8,-1.6,0.0,543.0,18.0,-18.0,0.0,0,K4 V,4684.0,99.0,-99.0,0.0,0.71,0.02,-0.02,0.0,0.67,0.03,-0.03,0.0,-0.2,0.05,-0.05,0.0,[Fe/H],4.53,0.08,-0.08,0.0,03h41m50.17s,55.4590314,-62d46m02.16s,-62.7672667,39.0341,0.0401,-0.04,9.73,0.03,-0.03,7.207,0.023,-0.023,9.38476,0.000227,-0.000227
HD 23472 c,HD 23472,1,5,Transit,2019,Transiting Exoplanet Survey Satellite (TESS),0,29.79749,0.00013,-0.00014,0.0,0.1646,0.0024,-0.0024,0.0,1.87,0.12,-0.11,0.0,0.16683051,0.0107057,-0.00981356,0.0,3.41,0.88,-0.81,0.0,0.01072906,0.00276879,-0.00254855,0.0,Mass,0.063,0.054,-0.043,0.0,7.96,0.87,-0.78,0.0,467.0,19.0,-18.0,0.0,0,K4 V,4684.0,99.0,-99.0,0.0,0.71,0.02,-0.02,0.0,0.67,0.03,-0.03,0.0,-0.2,0.05,-0.05,0.0,[Fe/H],4.53,0.08,-0.08,0.0,03h41m50.17s,55.4590314,-62d46m02.16s,-62.7672667,39.0341,0.0401,-0.04,9.73,0.03,-0.03,7.207,0.023,-0.023,9.38476,0.000227,-0.000227
HD 23472 d,HD 23472,1,5,Transit,2022,Transiting Exoplanet Survey Satellite (TESS),0,3.97664,3e-05,-4.4e-05,0.0,0.04298,0.00063,-0.00065,0.0,0.75,0.067,-0.057,0.0,0.06691063,0.00597735,-0.00508521,0.0,0.55,0.21,-0.2,0.0,0.00173049,0.00066073,-0.00062927,0.0,Mass,0.07,0.05,-0.047,0.0,117.0,13.0,-11.0,0.0,909.0,35.0,-32.0,0.0,0,K4 V,4684.0,99.0,-99.0,0.0,0.71,0.02,-0.02,0.0,0.67,0.03,-0.03,0.0,-0.2,0.05,-0.05,0.0,[Fe/H],4.53,0.08,-0.08,0.0,03h41m50.17s,55.4590314,-62d46m02.16s,-62.7672667,39.0341,0.0401,-0.04,9.73,0.03,-0.03,7.207,0.023,-0.023,9.38476,0.000227,-0.000227
HD 23472 e,HD 23472,1,5,Transit,2022,Transiting Exoplanet Survey Satellite (TESS),0,7.90754,0.00011,-0.00011,0.0,0.068,0.001,-0.001,0.0,0.818,0.08,-0.065,0.0,0.0729772,0.00713713,-0.00579892,0.0,0.72,0.28,-0.27,0.0,0.00226537,0.00088098,-0.00084952,0.0,Mass,0.07,0.052,-0.047,0.0,46.7,5.1,-4.6,0.0,723.0,28.0,-25.0,0.0,0,K4 V,4684.0,99.0,-99.0,0.0,0.71,0.02,-0.02,0.0,0.67,0.03,-0.03,0.0,-0.2,0.05,-0.05,0.0,[Fe/H],4.53,0.08,-0.08,0.0,03h41m50.17s,55.4590314,-62d46m02.16s,-62.7672667,39.0341,0.0401,-0.04,9.73,0.03,-0.03,7.207,0.023,-0.023,9.38476,0.000227,-0.000227
HD 23472 f,HD 23472,1,5,Transit,2022,Transiting Exoplanet Survey Satellite (TESS),0,12.1621839,0.00012,-9.9e-05,0.0,0.0906,0.0014,-0.0014,0.0,1.137,0.084,-0.077,0.0,0.10143652,0.00749399,-0.00686949,0.0,0.77,0.44,-0.4,0.0,0.00242269,0.00138439,-0.00125854,0.0,Mass,0.07,0.048,-0.051,0.0,26.3,2.9,-2.6,0.0,630.0,27.0,-23.0,0.0,0,K4 V,4684.0,99.0,-99.0,0.0,0.71,0.02,-0.02,0.0,0.67,0.03,-0.03,0.0,-0.2,0.05,-0.05,0.0,[Fe/H],4.53,0.08,-0.08,0.0,03h41m50.17s,55.4590314,-62d46m02.16s,-62.7672667,39.0341,0.0401,-0.04,9.73,0.03,-0.03,7.207,0.023,-0.023,9.38476,0.000227,-0.000227
HD 260655 b,HD 260655,1,2,Transit,2022,Transiting Exoplanet Survey Satellite (TESS),0,2.76953,3e-05,-3e-05,0.0,0.02933,0.00024,-0.00024,0.0,1.24,0.023,-0.023,0.0,0.11062558,0.00205193,-0.00205193,0.0,2.14,0.34,-0.34,0.0,0.00673319,0.00106976,-0.00106976,0.0,Mass,0.039,0.043,-0.023,0.0,42.2,0.7,-0.7,0.0,709.0,4.0,-4.0,0.0,0,M0 V,3803.0,10.0,-10.0,0.0,0.439,0.003,-0.003,0.0,0.439,0.011,-0.011,0.0,-0.43,0.04,-0.04,0.0,[Fe/H],5.2,0.07,-0.07,0.0,06h37m09.97s,99.2915429,+17d33m58.57s,17.5662696,10.0055,0.00505,-0.00505,9.63,0.1,-0.1,5.862,0.024,-0.024,8.876041,0.000554,-0.000554
HD 260655 c,HD 260655,1,2,Transit,2022,Transiting Exoplanet Survey Satellite (TESS),0,5.70588,7e-05,-7e-05,0.0,0.04749,0.00039,-0.00039,0.0,1.533,0.051,-0.046,0.0,0.13676533,0.00454992,-0.00410385,0.0,3.09,0.48,-0.48,0.0,0.00972223,0.00151025,-0.00151025,0.0,Mass,0.038,0.036,-0.022,0.0,16.1,0.3,-0.3,0.0,557.0,3.0,-3.0,0.0,0,M0 V,3803.0,10.0,-10.0,0.0,0.439,0.003,-0.003,0.0,0.439,0.011,-0.011,0.0,-0.43,0.04,-0.04,0.0,[Fe/H],5.2,0.07,-0.07,0.0,06h37m09.97s,99.2915429,+17d33m58.57s,17.5662696,10.0055,0.00505,-0.00505,9.63,0.1,-0.1,5.862,0.024,-0.024,8.876041,0.000554,-0.000554
HD 5278 b,HD 5278,1,2,Transit,2021,Transiting Exoplanet Survey Satellite (TESS),0,14.339156,4.9e-05,-4.7e-05,0.0,0.1202,0.0013,-0.0013,0.0,2.45,0.05,-0.05,0.0,0.21857474,0.00446071,-0.00446071,0.0,7.8,1.5,-1.4,0.0,0.02454154,0.00471953,-0.00440489,0.0,Mass,0.08,0.09,-0.05,0.0,132.0,5.0,-5.0,0.0,943.0,13.0,-13.0,0.0,0,F V,6203.0,64.0,-64.0,0.0,1.194,0.017,-0.016,0.0,1.126,0.036,-0.035,0.0,-0.12,0.04,-0.04,0.0,[Fe/H],4.5,0.11,-0.11,0.0,00h50m11.23s,12.5467785,-83d44m37.56s,-83.7437671,57.5846,0.0947,-0.0943,7.94,0.03,-0.03,6.605,0.027,-0.027,7.80375,0.00027,-0.00027
HD 73583 b,HD 73583,1,2,Transit,2022,Transiting Exoplanet Survey Satellite (TESS),0,6.398042,6.7e-06,-6.2e-06,0.0,0.0604,0.0027,-0.0026,0.0,2.79,0.1,-0.1,0.0,0.24890756,0.00892142,-0.00892142,0.0,10.2,3.4,-3.1,0.0,0.03209279,0.0106976,-0.00975369,0.0,Mass,0.09,0.09,-0.06,0.0,43.3,5.3,-4.7,0.0,714.0,21.0,-20.0,0.0,0,K4 V,4511.0,110.0,-110.0,0.0,0.65,0.02,-0.02,0.0,0.73,0.02,-0.02,0.0,0.0,0.09,-0.09,0.0,[Fe/H],4.62,0.12,-0.12,0.0,08h38m45.19s,129.6883026,-13d15m23.50s,-13.2565267,31.5666,0.0321,-0.032,9.67,0.03,-0.03,6.948,0.024,-0.024,9.27033,0.00048,-0.00048
HD 73583 c,HD 73583,1,2,Transit,2022,Transiting Exoplanet Survey Satellite (TESS),0,18.87974,0.00086,-0.00074,0.0,0.1242,0.0055,-0.0054,0.0,2.39,0.1,-0.09,0.0,0.21322189,0.00892142,-0.00802928,0.0,9.7,1.8,-1.7,0.0,0.03051961,0.00566343,-0.0053488,0.0,Mass,0.08,0.11,-0.06,0.0,10.2,1.2,-1.1,0.0,498.0,15.0,-15.0,0.0,0,K4 V,4511.0,110.0,-110.0,0.0,0.65,0.02,-0.02,0.0,0.73,0.02,-0.02,0.0,0.0,0.09,-0.09,0.0,[Fe/H],4.62,0.12,-0.12,0.0,08h38m45.19s,129.6883026,-13d15m23.50s,-13.2565267,31.5666,0.0321,-0.032,9.67,0.03,-0.03,6.948,0.024,-0.024,9.27033,0.00048,-0.00048
HD 95338 b,HD 95338,1,1,Radial Velocity,2020,Las Campanas Observatory,0,55.087,0.02,-0.02,0.0,0.262,0.002,-0.002,0.0,3.89,0.19,-0.2,0.0,0.34704256,0.01695066,-0.0178428,0.0,42.44,2.22,-2.08,0.0,0.1335305,0.00698487,-0.00654438,0.0,Mass,0.197,0.029,-0.024,0.0,7.42,0.22,-0.22,0.0,385.0,17.0,-17.0,0.0,0,K0.5 V,5212.0,16.0,-11.0,0.0,0.87,0.04,-0.04,0.0,0.83,0.02,-0.02,0.0,0.04,0.1,-0.1,0.0,[Fe/H],4.54,0.21,-0.21,0.0,10h59m25.52s,164.8563364,-56d37m24.80s,-56.6235564,36.9941,0.0689,-0.0687,8.62,0.03,-0.03,6.591,0.018,-0.018,8.38213,0.000279,-0.000279
HIP 116454 b,HIP 116454,2,1,Transit,2014,K2,0,9.1004157,4.1e-06,-4.5e-06,0.0,0.0792,0.0011,-0.001,0.0,2.469,0.1,-0.091,0.0,0.22026981,0.00892142,-0.00811849,0.0,9.7,1.2,-1.2,0.0,0.03051961,0.00377562,-0.00377562,0.0,Mass,0.215,0.056,-0.094,0.0,51.2858,2.3512,-2.1308,0.0,753.2,7.1,-6.9,0.0,0,K1,5048.0,79.0,-78.0,0.0,0.758,0.024,-0.022,0.0,0.8,0.033,-0.03,0.0,0.0,0.045,-0.039,0.0,[Fe/H],4.582,0.03,-0.031,0.0,23h35m49.04s,353.9543517,+00d26m40.94s,0.4447043,62.4491,0.1831,-0.182,10.19,0.03,-0.03,8.029,0.021,-0.021,9.93208,0.000347,-0.000347
K2-10 b,K2-10,1,1,Transit,2015,K2,0,19.3044,0.0012,-0.0012,0.0,0.137,0.0015,-0.0015,0.0,3.84,0.35,-0.34,0.0,0.34258185,0.03122491,-0.03033277,0.0,27.0,17.0,-16.0,0.0,0.08495107,0.05348771,-0.05034138,0.0,Mass,0.31,0.16,-0.18,0.0,54.1,9.5,-9.5,0.0,703.0,55.0,-55.0,0.0,0,F9,5620.0,70.0,-70.0,0.0,0.98,0.08,-0.08,0.0,0.92,0.05,-0.05,0.0,-0.07,0.07,-0.07,0.0,[Fe/H],4.5,0.08,-0.08,0.0,11h28m29.20s,172.1216476,+01d41m26.24s,1.6906217,272.36,3.112,-3.044,12.429,0.069,-0.069,10.645,0.021,-0.021,12.2156,0.00024,-0.00024
K2-138 b,K2-138,1,6,Transit,2017,K2,0,2.35309,0.00022,-0.00022,0.0,0.03385,0.00023,-0.00029,0.0,1.51,0.11,-0.084,0.0,0.13471318,0.00981354,-0.00749398,0.0,3.1,1.05,-1.05,0.0,0.00975364,0.00330365,-0.00330365,0.0,Mass,0.048,0.054,-0.033,0.0,486.0,37.0,-35.0,0.0,1157.0,78.0,-74.0,0.0,0,G8 V,5356.3,41.8,-13.1,0.0,0.863,0.031,-0.018,0.0,0.935,0.019,-0.023,0.0,0.14,0.04,-0.04,0.0,[M/H],4.54,0.02,-0.04,0.0,23h15m47.77s,348.9490311,-10d50m59.06s,-10.8497391,202.585,2.028,-1.989,12.246,0.092,-0.092,10.305,0.021,-0.021,12.0252,0.000364,-0.000364
K2-138 c,K2-138,1,6,Transit,2017,K2,0,3.56004,0.00012,-0.00011,0.0,0.04461,0.0003,-0.00038,0.0,2.299,0.12,-0.087,0.0,0.20510304,0.01070568,-0.00776162,0.0,6.31,1.13,-1.23,0.0,0.01985338,0.00355536,-0.00386999,0.0,Mass,0.045,0.051,-0.032,0.0,279.0,21.0,-20.0,0.0,1012.0,65.0,-61.0,0.0,0,G8 V,5356.3,41.8,-13.1,0.0,0.863,0.031,-0.018,0.0,0.935,0.019,-0.023,0.0,0.14,0.04,-0.04,0.0,[M/H],4.54,0.02,-0.04,0.0,23h15m47.77s,348.9490311,-10d50m59.06s,-10.8497391,202.585,2.028,-1.989,12.246,0.092,-0.092,10.305,0.021,-0.021,12.0252,0.000364,-0.000364
K2-138 d,K2-138,1,6,Transit,2017,K2,0,5.40479,0.00021,-0.00021,0.0,0.05893,0.0004,-0.0005,0.0,2.39,0.104,-0.084,0.0,0.21322152,0.00927826,-0.00749398,0.0,7.92,1.39,-1.35,0.0,0.02491898,0.00437341,-0.00424755,0.0,Mass,0.043,0.041,-0.03,0.0,160.0,12.0,-11.0,0.0,888.0,57.0,-53.0,0.0,0,G8 V,5356.3,41.8,-13.1,0.0,0.863,0.031,-0.018,0.0,0.935,0.019,-0.023,0.0,0.14,0.04,-0.04,0.0,[M/H],4.54,0.02,-0.04,0.0,23h15m47.77s,348.9490311,-10d50m59.06s,-10.8497391,202.585,2.028,-1.989,12.246,0.092,-0.092,10.305,0.021,-0.021,12.0252,0.000364,-0.000364
K2-138 e,K2-138,1,6,Transit,2017,K2,0,8.26146,0.00021,-0.00022,0.0,0.0782,0.00053,-0.00066,0.0,3.39,0.156,-0.11,0.0,0.30243554,0.01391739,-0.00981354,0.0,12.97,1.98,-1.99,0.0,0.04080798,0.00622975,-0.00626121,0.0,Mass,0.077,0.048,-0.049,0.0,91.1,7.0,-6.6,0.0,757.0,52.0,-47.0,0.0,0,G8 V,5356.3,41.8,-13.1,0.0,0.863,0.031,-0.018,0.0,0.935,0.019,-0.023,0.0,0.14,0.04,-0.04,0.0,[M/H],4.54,0.02,-0.04,0.0,23h15m47.77s,348.9490311,-10d50m59.06s,-10.8497391,202.585,2.028,-1.989,12.246,0.092,-0.092,10.305,0.021,-0.021,12.0252,0.000364,-0.000364
K2-138 f,K2-138,1,6,Transit,2017,K2,0,12.75758,0.0005,-0.00048,0.0,0.10447,0.0007,-0.00088,0.0,2.904,0.164,-0.111,0.0,0.25907753,0.0146311,-0.00990276,0.0,1.63,2.12,-1.18,0.0,0.00512853,0.00667023,-0.00371268,0.0,Mass,0.062,0.064,-0.043,0.0,51.0,3.9,-3.7,0.0,653.0,45.0,-42.0,0.0,0,G8 V,5356.3,41.8,-13.1,0.0,0.863,0.031,-0.018,0.0,0.935,0.019,-0.023,0.0,0.14,0.04,-0.04,0.0,[M/H],4.54,0.02,-0.04,0.0,23h15m47.77s,348.9490311,-10d50m59.06s,-10.8497391,202.585,2.028,-1.989,12.246,0.092,-0.092,10.305,0.021,-0.021,12.0252,0.000364,-0.000364
K2-138 g,K2-138,1,6,Transit,2021,K2,0,41.96797,0.00843,-0.00725,0.0,0.23109,0.00154,-0.00196,0.0,3.013,0.303,-0.251,0.0,0.26880186,0.02703185,-0.02239272,0.0,4.32,5.26,-3.03,0.0,0.01359217,0.01654973,-0.0095334,0.0,Mass,0.059,0.063,-0.04,0.0,9.29,2.92,-2.23,0.0,445.0,31.0,-30.0,0.0,0,G8 V,5356.3,41.8,-13.1,0.0,0.863,0.031,-0.018,0.0,0.935,0.019,-0.023,0.0,0.14,0.04,-0.04,0.0,[M/H],4.54,0.02,-0.04,0.0,23h15m47.77s,348.9490311,-10d50m59.06s,-10.8497391,202.585,2.028,-1.989,12.246,0.092,-0.092,10.305,0.021,-0.021,12.0252,0.000364,-0.000364
K2-146 b,K2-146,1,2,Transit,2018,K2,0,2.6446,6e-05,-6e-05,0.0,0.0248,0.0002,-0.0002,0.0,2.05,0.06,-0.06,0.0,0.18288875,0.00535284,-0.00535284,0.0,5.77,0.18,-0.18,0.0,0.01816,0.00024,-0.00024,0.0,Mass,0.129,0.019,-0.019,0.0,20.7,4.8,-4.8,0.0,534.0,10.0,-10.0,0.0,1,M3.0 V,3385.0,70.0,-70.0,0.0,0.33,0.01,-0.01,0.0,0.331,0.009,-0.009,0.0,-0.02,0.12,-0.12,0.0,[Fe/H],4.8983,0.002372,-0.002372,0.0,08h40m06.41s,130.0266951,+19d05m32.43s,19.0923416,79.3002,0.478,-0.4723,16.7,0.2,-0.2,11.37,0.023,-0.023,14.9834,0.000523,-0.000523
K2-167 b,K2-167,1,1,Transit,2018,K2,0,9.978541,2.3e-05,-1.9e-05,0.0,0.0932,0.0028,-0.0029,0.0,2.36509493,0.21297063,-0.14571675,0.0,0.211,0.019,-0.013,0.0,6.5,1.6,-1.5,0.0,0.02045129,0.00503416,-0.00471953,0.0,Mass,0.48,0.26,-0.26,0.0,317.0,27.0,-27.0,0.0,1220.0,20.0,-19.0,0.0,0,F7 V,6310.0,170.0,-170.0,0.0,1.499,0.077,-0.071,0.0,1.084,0.1,-0.097,0.0,-0.456,0.081,-0.081,0.0,[Fe/H],4.122,0.066,-0.072,0.0,22h26m18.27s,336.5761233,-18d00m41.99s,-18.011665,80.8994,0.4731,-0.4677,8.24,0.03,-0.03,6.887,0.034,-0.034,8.103581,0.000392,-0.000392
K2-18 b,K2-18,1,2,Transit,2015,K2,0,32.939623,9.5e-05,-0.0001,0.0,0.1429,0.006,-0.0065,0.0,2.37,0.22,-0.22,0.0,0.21143724,0.01962709,-0.01962709,0.0,8.92,1.7,-1.6,0.0,0.02806532,0.00534877,-0.00503414,0.0,Mass,0.2,0.08,-0.08,0.0,1.005,0.084,-0.079,0.0,284.0,15.0,-15.0,0.0,0,M2.5 V,3457.0,39.0,-39.0,0.0,0.411,0.038,-0.038,0.0,0.359,0.047,-0.047,0.0,0.12,0.16,-0.16,0.0,[Fe/H],4.7864,0.005788,-0.005788,0.0,11h30m14.43s,172.560141,+07d35m16.19s,7.5878315,38.0266,0.07955,-0.07955,13.477,0.042,-0.042,8.899,0.019,-0.019,12.4154,0.000502,-0.000502
K2-180 b,K2-180,1,1,Transit,2018,K2,0,8.865663,1.1e-05,-1e-05,0.0,0.0756,0.0012,-0.001,0.0,2.46597575,0.10984801,-0.09639723,0.0,0.22,0.0098,-0.0086,0.0,11.41003981,2.38371305,-2.16123317,0.0,0.0359,0.0075,-0.0068,0.0,Mass,0.075,0.08,-0.051,0.0,67.0,14.0,-14.0,0.0,797.5,8.4,-8.5,0.0,0,K2 V,5365.0,92.0,-92.0,0.0,0.719,0.025,-0.023,0.0,0.735,0.035,-0.029,0.0,-0.578,0.079,-0.08,0.0,[Fe/H],4.591,0.034,-0.033,0.0,08h25m51.45s,126.4643579,+10d14m47.68s,10.246577,203.896,1.742,-1.712,12.557,0.046,-0.046,10.677,0.026,-0.026,12.4039,0.0002,-0.0002
K2-19 b,K2-19,1,3,Transit,2015,K2,0,7.9222,0.0001,-0.0001,0.0,0.074,0.0012,-0.0012,0.0,7.0,0.2,-0.2,0.0,0.62449925,0.01784284,-0.01784284,0.0,32.4,1.7,-1.7,0.0,0.1019418,0.0053488,-0.0053488,0.0,Mass,0.2,0.03,-0.03,0.0,87.7,9.3,-12.9,0.0,854.0,24.0,-24.0,0.0,1,G9 V,5322.0,100.0,-100.0,0.0,0.82,0.03,-0.03,0.0,0.88,0.03,-0.03,0.0,0.06,0.05,-0.05,0.0,[Fe/H],4.51,0.08,-0.08,0.0,11h39m50.46s,174.9602543,+00d36m12.95s,0.603596,289.827,5.68,-5.469,13.024,0.092,-0.092,11.161,0.026,-0.026,12.8153,0.000455,-0.000455
K2-19 c,K2-19,1,3,Transit,2015,K2,0,11.8993,0.0008,-0.0008,0.0,0.0971,0.0016,-0.0016,0.0,4.1,0.2,-0.2,0.0,0.36577813,0.01784284,-0.01784284,0.0,10.8,0.6,-0.6,0.0,0.0339806,0.00188781,-0.00188781,0.0,Mass,0.21,0.03,-0.03,0.0,48.8,6.4,-6.2,0.0,745.0,21.0,-21.0,0.0,1,G9 V,5322.0,100.0,-100.0,0.0,0.82,0.03,-0.03,0.0,0.88,0.03,-0.03,0.0,0.06,0.05,-0.05,0.0,[Fe/H],4.51,0.08,-0.08,0.0,11h39m50.46s,174.9602543,+00d36m12.95s,0.603596,289.827,5.68,-5.469,13.024,0.092,-0.092,11.161,0.026,-0.026,12.8153,0.000455,-0.000455
K2-237 b,K2-237,1,1,Transit,2018,K2,0,2.18053332,5.4e-07,-5.4e-07,0.0,0.03552,0.00051,-0.0006,0.0,16.06246934,0.62770292,-0.54924005,0.0,1.433,0.056,-0.049,0.0,434.153604,34.96112477,-29.24021344,0.0,1.366,0.11,-0.092,0.0,Mass,0.03,0.033,-0.021,0.0,1860.0,210.0,-180.0,0.0,1759.0,49.0,-42.0,0.0,0,F9 V,6180.0,160.0,-140.0,0.0,1.236,0.043,-0.036,0.0,1.256,0.055,-0.062,0.0,0.337,0.076,-0.076,0.0,[Fe/H],4.353,0.022,-0.029,0.0,16h55m04.52s,253.7688479,-28d42m38.10s,-28.7105836,314.995,7.221,-6.91,11.602,0.034,-0.034,10.217,0.023,-0.023,11.4668,0.000949,-0.000949
K2-24 b,K2-24,1,2,Transit,2016,K2,0,20.88977,0.00034,-0.00035,0.0,0.154,0.002,-0.002,0.0,5.4,0.2,-0.2,0.0,0.48175573,0.0178428,-0.0178428,0.0,19.0,2.2,-2.1,0.0,0.05978039,0.00692194,-0.00660731,0.0,Mass,0.06,0.01,-0.01,0.0,60.1,12.4,-12.4,0.0,709.0,36.0,-36.0,0.0,1,G9 V,5625.0,60.0,-60.0,0.0,1.16,0.04,-0.04,0.0,1.07,0.06,-0.06,0.0,0.34,0.04,-0.04,0.0,[Fe/H],4.29,0.05,-0.05,0.0,16h10m17.63s,242.5734559,-24d59m26.17s,-24.9906029,170.562,1.36,-1.338,11.275,0.019,-0.019,9.18,0.021,-0.021,10.9072,0.0003,-0.0003
K2-25 b,K2-25,1,1,Transit,2015,K2,0,3.48456408,6e-07,-5e-07,0.0,0.0287,0.0012,-0.0012,0.0,3.44,0.12,-0.12,0.0,0.306,0.011,-0.011,0.0,24.5,5.7,-5.2,0.0,0.07708562,0.01793421,-0.01636103,0.0,Mass,0.428,0.05,-0.049,0.0,9.91,0.95,-0.86,0.0,494.0,11.0,-11.0,0.0,0,M4.5 V,3207.0,58.0,-58.0,0.0,0.2932,0.0093,-0.0093,0.0,0.2634,0.0077,-0.0077,0.0,0.15,0.03,-0.03,0.0,[Fe/H],4.944,0.031,-0.031,0.0,04h13m05.74s,63.2739346,+15d14m51.73s,15.2477027,44.9565,0.1664,-0.1653,16.21,0.2,-0.2,10.444,0.019,-0.019,14.3817,0.000951,-0.000951
K2-261 b,K2-261,1,1,Transit,2018,K2,0,11.6334681,4.4e-06,-4.4e-06,0.0,0.1086,0.0012,-0.0012,0.0,9.26982704,0.36989636,-0.33626942,0.0,0.827,0.033,-0.03,0.0,68.96876432,7.94571018,-9.2170238,0.0,0.217,0.025,-0.029,0.0,Mass,0.274,0.065,-0.061,0.0,180.0,10.0,-13.0,0.0,1036.0,10.0,-10.0,0.0,0,G7 IV/V,5490.0,110.0,-110.0,0.0,1.663,0.071,-0.068,0.0,1.107,0.042,-0.047,0.0,0.372,0.069,-0.072,0.0,[Fe/H],4.04,0.038,-0.041,0.0,10h52m07.75s,163.0323119,+00d29m35.40s,0.493167,213.283,1.975,-1.941,10.612,0.009,-0.009,8.89,0.022,-0.022,10.4594,0.000314,-0.000314
K2-29 b,K2-29,2,1,Transit,2016,K2,0,3.2588321,1.9e-06,-1.9e-06,0.0,0.04217,0.00024,-0.00024,0.0,13.33871,0.22418,-0.22418,0.0,1.19,0.02,-0.02,0.0,232.0159,12.7132,-12.7132,0.0,0.73,0.04,-0.04,0.0,Mass,0.066,0.022,-0.022,0.0,293.0,30.0,-30.0,0.0,1171.0,10.0,-10.0,0.0,0,G7 V,5358.0,38.0,-38.0,0.0,0.86,0.01,-0.01,0.0,0.94,0.02,-0.02,0.0,0.16,0.03,-0.03,0.0,[Fe/H],4.54,0.012,-0.012,0.0,04h10m40.90s,62.670422,+24d24m05.96s,24.4016558,178.475,1.32,-1.301,12.532,0.103,-0.103,10.062,0.034,-0.034,12.2008,0.000375,-0.000375
K2-292 b,K2-292,1,1,Transit,2019,K2,0,16.9841,0.0008,-0.0008,0.0,0.13,0.01,-0.01,0.0,2.63,0.11,-0.1,0.0,0.23463288,0.00981354,-0.0089214,0.0,24.5,4.4,-4.4,0.0,0.07708523,0.01384388,-0.01384388,0.0,Mass,0.04,0.06,-0.03,0.0,67.0,12.0,-9.0,0.0,795.0,33.0,-28.0,0.0,0,G3 V,5725.0,65.0,-65.0,0.0,1.09,0.03,-0.03,0.0,1.0,0.03,-0.03,0.0,0.07,0.05,-0.05,0.0,[Fe/H],4.33,0.04,-0.04,0.0,13h41m30.21s,205.3758786,-09d56m45.85s,-9.9460704,114.293,0.825,-0.812,9.885,0.005,-0.005,8.407,0.027,-0.027,9.75597,0.000335,-0.000335
K2-3 b,K2-3,1,3,Transit,2015,K2,0,10.0546535,8.8e-06,-9.1e-06,0.0,0.0747,0.0013,-0.0012,0.0,2.078,0.076,-0.067,0.0,0.18538706,0.00678028,-0.00597735,0.0,5.11,0.65,-0.64,0.0,0.01607786,0.00204513,-0.00201367,0.0,Mass,0.107,0.057,-0.059,0.0,10.5,1.0,-1.0,0.0,501.3,5.1,-5.2,0.0,0,M V,3844.0,61.0,-63.0,0.0,0.546,0.018,-0.016,0.0,0.549,0.029,-0.027,0.0,-0.157,0.075,-0.08,0.0,[Fe/H],4.704,0.023,-0.026,0.0,11h29m20.49s,172.3353708,-01d27m18.49s,-1.4551364,44.0727,0.10815,-0.10815,12.168,0.009,-0.009,8.561,0.023,-0.023,11.4785,0.000959,-0.000959
K2-3 c,K2-3,1,3,Transit,2015,K2,0,24.646729,4.4e-05,-4.2e-05,0.0,0.1357,0.0023,-0.0022,0.0,1.582,0.057,-0.051,0.0,0.14113683,0.00508521,-0.00454992,0.0,2.68,0.85,-0.85,0.0,0.00843222,0.0026744,-0.0026744,0.0,Mass,0.048,0.073,-0.035,0.0,3.17,0.3,-0.3,0.0,371.8,3.8,-3.9,0.0,0,M V,3844.0,61.0,-63.0,0.0,0.546,0.018,-0.016,0.0,0.549,0.029,-0.027,0.0,-0.157,0.075,-0.08,0.0,[Fe/H],4.704,0.023,-0.026,0.0,11h29m20.49s,172.3353708,-01d27m18.49s,-1.4551364,44.0727,0.10815,-0.10815,12.168,0.009,-0.009,8.561,0.023,-0.023,11.4785,0.000959,-0.000959
K2-32 b,K2-32,2,4,Transit,2016,K2,0,8.992,8e-05,-8e-05,0.0,0.0795,0.00066,-0.00062,0.0,5.299,0.191,-0.191,0.0,0.47274593,0.01703991,-0.01703991,0.0,15.0,1.8,-1.7,0.0,0.04719528,0.00566343,-0.0053488,0.0,Mass,0.03,0.032,-0.021,0.0,77.7,10.8,-8.3,0.0,837.0,13.0,-14.0,0.0,0,G9 V,5271.0,39.0,-35.0,0.0,0.86,0.02,-0.02,0.0,0.83,0.02,-0.02,0.0,-0.06,0.03,-0.03,0.0,[Fe/H],4.49,0.03,-0.03,0.0,16h49m42.24s,252.426008,-19d32m34.98s,-19.5430504,157.682,1.309,-1.288,12.304,0.092,-0.092,9.821,0.019,-0.019,12.0036,0.000259,-0.000259
K2-32 c,K2-32,2,4,Transit,2016,K2,0,20.66093,0.0008,-0.00079,0.0,0.13843,0.00115,-0.00108,0.0,3.134,0.123,-0.102,0.0,0.27959723,0.01097334,-0.00909985,0.0,8.1,2.4,-2.4,0.0,0.02548545,0.00755124,-0.00755124,0.0,Mass,0.049,0.046,-0.035,0.0,25.6,3.6,-2.7,0.0,634.0,9.0,-11.0,0.0,0,G9 V,5271.0,39.0,-35.0,0.0,0.86,0.02,-0.02,0.0,0.83,0.02,-0.02,0.0,-0.06,0.03,-0.03,0.0,[Fe/H],4.49,0.03,-0.03,0.0,16h49m42.24s,252.426008,-19d32m34.98s,-19.5430504,157.682,1.309,-1.288,12.304,0.092,-0.092,9.821,0.019,-0.019,12.0036,0.000259,-0.000259
K2-32 d,K2-32,2,4,Transit,2016,K2,0,31.71701,0.00101,-0.00096,0.0,0.18422,0.00152,-0.00144,0.0,3.484,0.112,-0.129,0.0,0.3108222,0.00999199,-0.01150863,0.0,6.7,2.5,-2.5,0.0,0.02108056,0.00786588,-0.00786588,0.0,Mass,0.05,0.053,-0.035,0.0,14.5,2.0,-1.5,0.0,550.0,8.0,-9.0,0.0,0,G9 V,5271.0,39.0,-35.0,0.0,0.86,0.02,-0.02,0.0,0.83,0.02,-0.02,0.0,-0.06,0.03,-0.03,0.0,[Fe/H],4.49,0.03,-0.03,0.0,16h49m42.24s,252.426008,-19d32m34.98s,-19.5430504,157.682,1.309,-1.288,12.304,0.092,-0.092,9.821,0.019,-0.019,12.0036,0.000259,-0.000259
KELT-24 b,KELT-24,2,1,Transit,2019,KELT-North,0,5.55149296,5e-07,-5.3e-07,0.0,0.0665,0.0011,-0.0011,0.0,12.71098411,0.30264248,-0.2914335,0.0,1.134,0.027,-0.026,0.0,1458.832388,57.20911326,-57.20911326,0.0,4.59,0.18,-0.18,0.0,Mass,0.0319,0.0079,-0.0074,0.0,624.0,40.0,-40.0,0.0,1391.0,22.0,-23.0,0.0,0,F7,6426.0,93.0,-91.0,0.0,1.338,0.032,-0.03,0.0,1.268,0.063,-0.063,0.0,0.138,0.086,-0.082,0.0,[Fe/H],4.287,0.014,-0.014,0.0,10h47m38.17s,161.9090273,+71d39m20.62s,71.655727,96.5173,0.3132,-0.3113,8.34,0.03,-0.03,7.154,0.021,-0.021,8.23752,0.000357,-0.000357
KOI-1257 b,KOI-1257,2,1,Transit,2014,Kepler,0,86.647661,3.4e-05,-3.4e-05,0.0,0.382,0.006,-0.006,0.0,10.54,1.35,-1.35,0.0,0.94,0.12,-0.12,0.0,460.83,111.24,-111.24,0.0,1.45,0.35,-0.35,0.0,Mass,0.772,0.045,-0.045,0.0,7.28,2.73,-2.22,0.0,511.0,50.0,-50.0,0.0,0,G5 V,5520.0,80.0,-80.0,0.0,1.13,0.14,-0.14,0.0,0.99,0.05,-0.05,0.0,0.27,0.09,-0.09,0.0,[Fe/H],4.32,0.1,-0.1,0.0,19h24m54.02s,291.2250888,+44d55m38.25s,44.9272918,656.0,55.665,-39.926,14.818,0.069,-0.069,12.726,0.023,-0.023,14.6419,0.00049,-0.00049
KOI-134 b,KOI-134,1,2,Transit,2025,Kepler,0,67.1277,0.0045,-0.0057,0.0,0.363,0.011,-0.013,0.0,12.03844527,0.19055267,-0.19055267,0.0,1.074,0.017,-0.017,0.0,346.4329636,38.13940884,-25.42627256,0.0,1.09,0.12,-0.08,0.0,Mass,0.16,0.02,-0.03,0.0,45.0,11.0,-10.0,0.0,659.0,35.0,-46.0,0.0,1,F9V,6160.0,130.0,-130.0,0.0,1.667,0.024,-0.024,0.0,1.407,0.043,-0.043,0.0,0.427,0.069,-0.069,0.0,[Fe/H],4.11,0.13,-0.13,0.0,19h42m20.78s,295.586598,+45d21m53.77s,45.3649371,1159.21,16.72,-16.72,13.773,0.137,-0.137,12.322,0.018,-0.018,13.6323,0.000189,-0.000189
Kepler-101 b,Kepler-101,1,2,Transit,2014,Kepler,0,3.4876812,7e-06,-7e-06,0.0,0.0474,0.001,-0.0008,0.0,5.77,0.85,-0.79,0.0,0.51,0.08,-0.07,0.0,51.1,5.1,-4.7,0.0,0.16,0.02,-0.01,0.0,Mass,0.086,0.08,-0.059,0.0,1240.332,46.318,-44.577,0.0,1513.0,103.0,-145.0,0.0,0,G3 IV,5667.0,50.0,-50.0,0.0,1.56,0.2,-0.2,0.0,1.17,0.07,-0.05,0.0,0.33,0.07,-0.07,0.0,[Fe/H],4.12,0.11,-0.09,0.0,18h53m01.32s,283.255507,+48d21m18.89s,48.3552474,927.981,14.7985,-14.7985,13.7,0.069,-0.069,12.011,0.02,-0.02,13.5672,0.000214,-0.000214
Kepler-117 b,Kepler-117,1,2,Transit,2014,Kepler,0,18.7959228,7.5e-06,-7.5e-06,0.0,0.1445,0.0047,-0.0014,0.0,8.059,0.269,-0.269,0.0,0.719,0.024,-0.024,0.0,29.875,10.488,-10.488,0.0,0.094,0.033,-0.033,0.0,Mass,0.0493,0.0062,-0.0062,0.0,157.541,9.731,-9.059,0.0,984.0,18.0,-18.0,0.0,1,F8 V,6150.0,110.0,-110.0,0.0,1.606,0.049,-0.049,0.0,1.129,0.13,-0.023,0.0,-0.04,0.1,-0.1,0.0,[Fe/H],4.102,0.019,-0.019,0.0,19h15m10.34s,288.7930651,+48d02m24.63s,48.040176,1455.57,38.385,-38.385,14.282,0.126,-0.126,13.011,0.031,-0.031,14.2472,0.000272,-0.000272
Kepler-117 c,Kepler-117,1,2,Transit,2014,Kepler,0,50.790391,1.4e-05,-1.4e-05,0.0,0.2804,0.0092,-0.0028,0.0,12.341,0.392,-0.392,0.0,1.101,0.035,-0.035,0.0,584.78,57.21,-57.21,0.0,1.84,0.18,-0.18,0.0,Mass,0.0323,0.0033,-0.0033,0.0,41.863,2.586,-2.407,0.0,704.0,15.0,-15.0,0.0,1,F8 V,6150.0,110.0,-110.0,0.0,1.606,0.049,-0.049,0.0,1.129,0.13,-0.023,0.0,-0.04,0.1,-0.1,0.0,[Fe/H],4.102,0.019,-0.019,0.0,19h15m10.34s,288.7930651,+48d02m24.63s,48.040176,1455.57,38.385,-38.385,14.282,0.126,-0.126,13.011,0.031,-0.031,14.2472,0.000272,-0.000272
Kepler-138 b,Kepler-138,1,4,Transit,2014,Kepler,0,10.3134,0.0003,-0.0003,0.0,0.0753,0.0006,-0.0006,0.0,0.64,0.02,-0.02,0.0,0.05709707,0.00178428,-0.00178428,0.0,0.07,0.02,-0.02,0.0,0.00022024,6.293e-05,-6.293e-05,0.0,Mass,0.02,0.009,-0.009,0.0,9.9,0.7,-0.7,0.0,452.0,8.0,-9.0,0.0,1,M1 V,3841.0,50.0,-51.0,0.0,0.535,0.013,-0.014,0.0,0.535,0.012,-0.012,0.0,-0.18,0.1,-0.1,0.0,[Fe/H],4.71,0.03,-0.03,0.0,19h21m31.54s,290.3814122,+43d17m35.03s,43.2930645,66.8624,0.107,-0.107,13.04,0.092,-0.092,9.506,0.011,-0.011,12.4715,0.000239,-0.000239
Kepler-138 c,Kepler-138,1,4,Transit,2014,Kepler,0,13.7815,7e-05,-9e-05,0.0,0.0913,0.0007,-0.0007,0.0,1.51,0.04,-0.04,0.0,0.13471341,0.00356857,-0.00356857,0.0,2.3,0.6,-0.5,0.0,0.00723661,0.00188781,-0.00157318,0.0,Mass,0.017,0.008,-0.007,0.0,6.8,0.5,-0.5,0.0,410.0,8.0,-8.0,0.0,1,M1 V,3841.0,50.0,-51.0,0.0,0.535,0.013,-0.014,0.0,0.535,0.012,-0.012,0.0,-0.18,0.1,-0.1,0.0,[Fe/H],4.71,0.03,-0.03,0.0,19h21m31.54s,290.3814122,+43d17m35.03s,43.2930645,66.8624,0.107,-0.107,13.04,0.092,-0.092,9.506,0.011,-0.011,12.4715,0.000239,-0.000239
Kepler-138 d,Kepler-138,1,4,Transit,2014,Kepler,0,23.0923,0.0006,-0.0006,0.0,0.1288,0.001,-0.001,0.0,1.51,0.04,-0.04,0.0,0.13471341,0.00356857,-0.00356857,0.0,2.1,0.6,-0.7,0.0,0.00660734,0.00188781,-0.00220245,0.0,Mass,0.01,0.005,-0.005,0.0,3.4,0.2,-0.2,0.0,345.0,7.0,-7.0,0.0,1,M1 V,3841.0,50.0,-51.0,0.0,0.535,0.013,-0.014,0.0,0.535,0.012,-0.012,0.0,-0.18,0.1,-0.1,0.0,[Fe/H],4.71,0.03,-0.03,0.0,19h21m31.54s,290.3814122,+43d17m35.03s,43.2930645,66.8624,0.107,-0.107,13.04,0.092,-0.092,9.506,0.011,-0.011,12.4715,0.000239,-0.000239
Kepler-39 b,Kepler-39,1,1,Transit,2011,Kepler,0,21.08721,3.7e-05,-3.7e-05,0.0,0.164,0.003,-0.003,0.0,13.9,1.01,-1.12,0.0,1.24,0.09,-0.1,0.0,6388.1,413.2,-381.4,0.0,20.1,1.3,-1.3,0.0,Mass,0.112,0.057,-0.057,0.0,90.22,4.095,-3.894,0.0,897.0,29.0,-29.0,0.0,1,F7 V,6350.0,100.0,-100.0,0.0,1.4,0.1,-0.1,0.0,1.29,0.06,-0.07,0.0,0.1,0.14,-0.14,0.0,[Fe/H],4.4,0.15,-0.15,0.0,19h47m50.48s,296.9603348,+46d02m03.46s,46.0342954,1057.41,18.44,-18.44,14.355,0.172,-0.172,12.918,0.028,-0.028,14.2622,0.000275,-0.000275
Kepler-411 b,Kepler-411,2,4,Transit,2013,Kepler,0,3.005156,2e-06,-2e-06,0.0,0.0375,0.0008,-0.0008,0.0,2.401,0.053,-0.053,0.0,0.21420287,0.00472834,-0.00472834,0.0,25.6,2.6,-2.6,0.0,0.0805462,0.00818047,-0.00818047,0.0,Mass,0.146,0.005,-0.004,0.0,201.3,14.6,-14.6,0.0,1138.0,17.0,-17.0,0.0,1,K2 V,4974.0,46.0,-51.0,0.0,0.82,0.018,-0.018,0.0,0.87,0.039,-0.039,0.0,0.21,0.04,-0.04,0.0,[Fe/H],4.6,0.008,-0.013,0.0,19h10m25.37s,287.6057027,+49d31m24.22s,49.5233937,153.676,0.455,-0.453,12.448,0.069,-0.069,10.062,0.023,-0.023,12.2327,0.000562,-0.000562
Kepler-411 c,Kepler-411,2,4,Transit,2016,Kepler,0,7.834435,2e-06,-2e-06,0.0,0.0739,0.001,-0.001,0.0,4.421,0.062,-0.062,0.0,0.3944152,0.00553127,-0.00553127,0.0,26.4,5.9,-5.9,0.0,0.08306327,0.01856338,-0.01856338,0.0,Mass,0.108,0.003,-0.004,0.0,56.0,4.0,-4.0,0.0,838.0,10.0,-10.0,0.0,1,K2 V,4974.0,46.0,-51.0,0.0,0.82,0.018,-0.018,0.0,0.87,0.039,-0.039,0.0,0.21,0.04,-0.04,0.0,[Fe/H],4.6,0.008,-0.013,0.0,19h10m25.37s,287.6057027,+49d31m24.22s,49.5233937,153.676,0.455,-0.453,12.448,0.069,-0.069,10.062,0.023,-0.023,12.2327,0.000562,-0.000562
Kepler-411 d,Kepler-411,2,4,Transit,2018,Kepler,0,58.02035,0.00056,-0.00056,0.0,0.279,0.004,-0.004,0.0,3.319,0.104,-0.104,0.0,0.29610135,0.00927826,-0.00927826,0.0,15.2,5.1,-5.1,0.0,0.04782431,0.01604631,-0.01604631,0.0,Mass,0.128,0.003,-0.003,0.0,3.9,0.3,-0.3,0.0,410.0,10.0,-10.0,0.0,1,K2 V,4974.0,46.0,-51.0,0.0,0.82,0.018,-0.018,0.0,0.87,0.039,-0.039,0.0,0.21,0.04,-0.04,0.0,[Fe/H],4.6,0.008,-0.013,0.0,19h10m25.37s,287.6057027,+49d31m24.22s,49.5233937,153.676,0.455,-0.453,12.448,0.069,-0.069,10.062,0.023,-0.023,12.2327,0.000562,-0.000562
Kepler-412 b,Kepler-412,1,1,Transit,2014,Kepler,0,1.7208604,3e-07,-3e-07,0.0,0.02897,0.00093,-0.00092,0.0,15.031269,0.493196,-0.515614,0.0,1.341,0.044,-0.046,0.0,299.07803,39.72875,-6.03877,0.0,0.941,0.125,-0.019,0.0,Mass,0.0038,0.0087,-0.0032,0.0,2144.307,98.659,-94.03,0.0,1850.0,30.0,-30.0,0.0,1,G3 V,5750.0,90.0,-90.0,0.0,1.287,0.035,-0.035,0.0,1.167,0.091,-0.091,0.0,0.27,0.12,-0.12,0.0,[Fe/H],4.3,0.07,-0.07,0.0,19h04m26.47s,286.1103053,+43d40m51.46s,43.6809612,1086.24,19.16,-19.16,14.399,0.092,-0.092,12.837,0.031,-0.031,14.2486,0.000274,-0.000274
Kepler-423 b,Kepler-423,1,1,Transit,2014,Kepler,0,2.6843285,7e-08,-7e-08,0.0,0.03585,0.00052,-0.00114,0.0,13.361,0.583,-0.583,0.0,1.192,0.052,-0.052,0.0,189.101,25.743,-25.743,0.0,0.595,0.081,-0.081,0.0,Mass,0.019,0.028,-0.014,0.0,649.148,29.111,-27.823,0.0,1605.0,120.0,-120.0,0.0,0,G4 V,5560.0,80.0,-80.0,0.0,0.95,0.04,-0.04,0.0,0.85,0.04,-0.04,0.0,-0.1,0.05,-0.05,0.0,[M/H],4.41,0.04,-0.04,0.0,19h31m25.37s,292.8557189,+46d23m28.28s,46.3911883,758.753,12.76,-12.76,14.462,0.126,-0.126,12.779,0.031,-0.031,14.28,0.000295,-0.000295
Kepler-43 b,Kepler-43,1,1,Transit,2011,Kepler,0,3.0240949,6e-07,-6e-07,0.0,0.046,0.0026,-0.0025,0.0,13.663771,0.728585,-0.717376,0.0,1.219,0.065,-0.064,0.0,1026.5909,82.6358,-82.6358,0.0,3.23,0.26,-0.26,0.0,Mass,0.017,0.027,-0.009,0.0,1138.115,46.311,-44.15,0.0,1620.0,40.0,-40.0,0.0,0,F8 V,6041.0,143.0,-143.0,0.0,1.42,0.07,-0.07,0.0,1.32,0.09,-0.09,0.0,0.33,0.11,-0.11,0.0,[Fe/H],4.26,0.05,-0.05,0.0,19h00m57.80s,285.2408288,+46d40m05.67s,46.6682411,1005.84,14.19,-14.19,13.986,0.149,-0.149,12.549,0.031,-0.031,13.8894,0.000273,-0.000273
Kepler-75 b,Kepler-75,1,1,Transit,2013,Kepler,0,8.8849116,3.4e-06,-3.4e-06,0.0,0.0818,0.0012,-0.0012,0.0,11.77,0.34,-0.34,0.0,1.05,0.03,-0.03,0.0,3209.9,127.1,-127.1,0.0,10.1,0.4,-0.4,0.0,Mass,0.57,0.01,-0.01,0.0,106.484,5.684,-5.335,0.0,767.0,16.0,-16.0,0.0,0,K0 V,5200.0,100.0,-100.0,0.0,0.89,0.02,-0.02,0.0,0.91,0.04,-0.04,0.0,0.3,0.12,-0.12,0.0,[Fe/H],4.5,0.02,-0.02,0.0,19h24m33.03s,291.1376203,+36d34m38.44s,36.5773443,835.356,18.761,-17.968,15.414,0.046,-0.046,13.118,0.029,-0.029,15.1789,0.000726,-0.000726
Kepler-91 b,Kepler-91,1,1,Transit,2013,Kepler,0,6.24658,8e-05,-8e-05,0.0,0.0731,0.0034,-0.0031,0.0,15.322703,0.773421,-0.67254,0.0,1.367,0.069,-0.06,0.0,257.4423,57.2094,-54.0311,0.0,0.81,0.18,-0.17,0.0,Mass,0.0519,0.0095,-0.0088,0.0,3273.324,222.239,-204.957,0.0,2040.0,50.0,-50.0,0.0,0,K3,4550.0,75.0,-75.0,0.0,6.3,0.16,-0.16,0.0,1.31,0.1,-0.1,0.0,0.11,0.07,-0.07,0.0,[Fe/H],2.953,0.007,-0.007,0.0,19h02m41.50s,285.6729033,+44d07m00.30s,44.1167513,1294.69,40.735,-40.735,12.712,0.092,-0.092,10.136,0.021,-0.021,12.4762,0.000168,-0.000168
L 98-59 b,L 98-59,1,4,Transit,2019,Transiting Exoplanet Survey Satellite (TESS),0,2.2531136,1.2e-06,-1.5e-06,0.0,0.02191,0.0008,-0.00084,0.0,0.85,0.061,-0.047,0.0,0.07583205,0.00544206,-0.00419307,0.0,0.4,0.16,-0.15,0.0,0.00125854,0.00050342,-0.00047195,0.0,Mass,0.103,0.117,-0.045,0.0,24.7,5.0,-4.1,0.0,627.0,33.0,-36.0,0.0,0,M3 V,3415.0,135.0,-135.0,0.0,0.303,0.026,-0.023,0.0,0.273,0.03,-0.03,0.0,-0.46,0.26,-0.26,0.0,[Fe/H],4.86,0.13,-0.13,0.0,08h18m07.89s,124.5328604,-68d18m52.08s,-68.3144658,10.6194,0.0032,-0.0032,11.685,0.017,-0.017,7.101,0.018,-0.018,10.5976,0.000765,-0.000765
L 98-59 c,L 98-59,1,4,Transit,2019,Transiting Exoplanet Survey Satellite (TESS),0,3.6906777,1.6e-06,-2.6e-06,0.0,0.0304,0.0011,-0.0012,0.0,1.385,0.095,-0.075,0.0,0.12356164,0.00847535,-0.00669106,0.0,2.22,0.26,-0.25,0.0,0.0069849,0.00081805,-0.00078659,0.0,Mass,0.103,0.045,-0.058,0.0,12.8,2.6,-2.1,0.0,553.0,27.0,-26.0,0.0,0,M3 V,3415.0,135.0,-135.0,0.0,0.303,0.026,-0.023,0.0,0.273,0.03,-0.03,0.0,-0.46,0.26,-0.26,0.0,[Fe/H],4.86,0.13,-0.13,0.0,08h18m07.89s,124.5328604,-68d18m52.08s,-68.3144658,10.6194,0.0032,-0.0032,11.685,0.017,-0.017,7.101,0.018,-0.018,10.5976,0.000765,-0.000765
L 98-59 d,L 98-59,1,4,Transit,2019,Transiting Exoplanet Survey Satellite (TESS),0,7.4507245,8.1e-06,-4.6e-06,0.0,0.0486,0.0018,-0.0019,0.0,1.521,0.119,-0.098,0.0,0.13569476,0.01061649,-0.00874299,0.0,1.94,0.28,-0.28,0.0,0.00610392,0.00088098,-0.00088098,0.0,Mass,0.074,0.057,-0.046,0.0,5.01,1.02,-0.83,0.0,416.0,20.0,-20.0,0.0,0,M3 V,3415.0,135.0,-135.0,0.0,0.303,0.026,-0.023,0.0,0.273,0.03,-0.03,0.0,-0.46,0.26,-0.26,0.0,[Fe/H],4.86,0.13,-0.13,0.0,08h18m07.89s,124.5328604,-68d18m52.08s,-68.3144658,10.6194,0.0032,-0.0032,11.685,0.017,-0.017,7.101,0.018,-0.018,10.5976,0.000765,-0.000765
LP 791-18 c,LP 791-18,1,3,Transit,2019,Transiting Exoplanet Survey Satellite (TESS),0,4.9899093,7.4e-06,-7.2e-06,0.0,0.02961,0.00035,-0.00036,0.0,2.438,0.096,-0.096,0.0,0.21750417,0.00856456,-0.00856456,0.0,7.1,0.7,-0.7,0.0,0.0223391,0.00220245,-0.00220245,0.0,Mass,8e-05,4e-05,-4e-05,0.0,2.637,0.066,-0.062,0.0,324.4,2.0,-1.9,0.0,0,M(6.1 +/- 0.7) V,2960.0,55.0,-55.0,0.0,0.182,0.007,-0.007,0.0,0.139,0.005,-0.005,0.0,-0.09,0.19,-0.19,0.0,[Fe/H],5.115,0.094,-0.094,0.0,11h02m45.72s,165.6904843,-16d24m23.20s,-16.4064445,26.4927,0.064,-0.0638,16.91,0.2,-0.2,10.644,0.023,-0.023,15.0715,0.001324,-0.001324
LP 791-18 d,LP 791-18,1,3,Transit,2023,Spitzer Space Telescope,0,2.753436,1.3e-05,-1.3e-05,0.0,0.01992,0.00024,-0.00024,0.0,1.032,0.044,-0.043,0.0,0.09206903,0.00392542,-0.00383621,0.0,0.9,0.5,-0.4,0.0,0.00283172,0.00157318,-0.00125854,0.0,Mass,0.0015,0.00014,-0.00014,0.0,5.83,0.15,-0.14,0.0,395.5,2.6,-2.3,0.0,1,M(6.1 +/- 0.7) V,2960.0,55.0,-55.0,0.0,0.182,0.007,-0.007,0.0,0.139,0.005,-0.005,0.0,-0.09,0.19,-0.19,0.0,[Fe/H],5.115,0.094,-0.094,0.0,11h02m45.72s,165.6904843,-16d24m23.20s,-16.4064445,26.4927,0.064,-0.0638,16.91,0.2,-0.2,10.644,0.023,-0.023,15.0715,0.001324,-0.001324
LTT 1445 A b,LTT 1445 A,3,2,Transit,2019,Transiting Exoplanet Survey Satellite (TESS),0,5.35876,1e-05,-1e-05,0.0,0.022,0.003,-0.003,0.0,1.18,0.06,-0.06,0.0,0.10527273,0.00535285,-0.00535285,0.0,2.73,0.25,-0.23,0.0,0.00858954,0.00078659,-0.00072366,0.0,Mass,0.18,0.07,-0.06,0.0,5.4,1.2,-1.0,0.0,555.0,48.0,-48.0,0.0,0,M3.0,3340.0,150.0,-150.0,0.0,0.265,0.011,-0.011,0.0,0.257,0.014,-0.014,0.0,-0.34,0.09,-0.09,0.0,[Fe/H],4.97389,0.060229,-0.060229,0.0,03h01m50.99s,45.4624781,-16d35m40.18s,-16.5944956,6.86929,0.003805,-0.003805,10.59,0.046,-0.046,6.496,0.021,-0.021,10.0469,0.001234,-0.001234
LTT 3780 c,LTT 3780,2,2,Transit,2020,Transiting Exoplanet Survey Satellite (TESS),0,12.252284,1.3e-05,-1.3e-05,0.0,0.0757,0.0018,-0.0018,0.0,2.39,0.1,-0.11,0.0,0.21322189,0.00892142,-0.00981356,0.0,8.04,0.5,-0.48,0.0,0.02529667,0.00157318,-0.00151025,0.0,Mass,0.024,0.032,-0.017,0.0,2.76,0.33,-0.31,0.0,359.0,10.0,-10.0,0.0,0,M3.5 V,3358.0,92.0,-92.0,0.0,0.38,0.012,-0.012,0.0,0.381,0.024,-0.034,0.0,0.06,0.11,-0.11,0.0,[Fe/H],4.85,0.11,-0.11,0.0,10h18m34.78s,154.6449033,-11d43m04.08s,-11.717801,21.9814,0.0403,-0.0402,13.14,0.035,-0.035,8.204001,0.021,-0.021,11.8465,0.000477,-0.000477
NGTS-8 b,NGTS-8,1,1,Transit,2019,Next-Generation Transit Survey (NGTS),0,2.4997,1e-05,-1e-05,0.0,0.035,0.001,-0.001,0.0,12.21781,0.33627,-0.33627,0.0,1.09,0.03,-0.03,0.0,295.5819,12.7132,-9.5349,0.0,0.93,0.04,-0.03,0.0,Mass,0.01,0.014,-0.01,0.0,503.0,33.0,-33.0,0.0,1345.0,19.0,-19.0,0.0,0,K0 V,5241.0,50.0,-50.0,0.0,0.98,0.02,-0.02,0.0,0.89,0.05,-0.04,0.0,0.24,0.09,-0.09,0.0,[Fe/H],4.41,0.03,-0.03,0.0,21h55m54.22s,328.9759206,-14d04m06.38s,-14.0684399,428.976,5.621,-5.481,13.69,0.103,-0.103,11.642,0.021,-0.021,13.4954,0.000304,-0.000304
NGTS-9 b,NGTS-9,1,1,Transit,2019,Next-Generation Transit Survey (NGTS),0,4.43527,2e-05,-2e-05,0.0,0.058,0.003,-0.002,0.0,11.99363,0.67254,-0.67254,0.0,1.07,0.06,-0.06,0.0,921.707,54.0311,-54.0311,0.0,2.9,0.17,-0.17,0.0,Mass,0.06,0.076,-0.052,0.0,729.0,80.0,-80.0,0.0,1448.0,36.0,-36.0,0.0,0,F8 V,6330.0,130.0,-130.0,0.0,1.38,0.04,-0.04,0.0,1.34,0.05,-0.05,0.0,0.31,0.15,-0.15,0.0,[Fe/H],4.37,0.2,-0.2,0.0,09h27m40.95s,141.9206435,-19d20m51.53s,-19.3476477,609.128,15.952,-15.171,12.868,0.057,-0.057,11.452,0.024,-0.024,12.6547,0.000237,-0.000237
TIC 139270665 b,TIC 139270665,1,2,Transit,2024,Transiting Exoplanet Survey Satellite (TESS),0,23.624,0.03,-0.031,0.0,0.163,0.0027,-0.0033,0.0,7.22979255,0.26901554,-0.24659758,0.0,0.645,0.024,-0.022,0.0,147.1545524,14.62010672,-14.62010672,0.0,0.463,0.046,-0.046,0.0,Mass,0.105,0.053,-0.05,0.0,40.3,3.4,-2.7,0.0,703.0,14.0,-11.0,0.0,0,G2,5844.0,84.0,-82.0,0.0,1.016,0.035,-0.031,0.0,1.035,0.052,-0.062,0.0,0.156,0.057,-0.056,0.0,[Fe/H],4.439,0.032,-0.041,0.0,08h16m08.14s,124.0338967,+33d17m29.23s,33.2914532,189.875,1.615,-1.589,10.385,0.005,-0.005,8.946,0.019,-0.019,10.1805,0.000347,-0.000347
TIC 393818343 b,TIC 393818343,2,1,Transit,2024,Transiting Exoplanet Survey Satellite (TESS),0,16.24921,0.0001,-0.00011,0.0,0.1291,0.0021,-0.0022,0.0,12.18416202,0.25780656,-0.23538859,0.0,1.087,0.023,-0.021,0.0,1379.375286,47.67426105,-47.67426105,0.0,4.34,0.15,-0.15,0.0,Mass,0.6058,0.0023,-0.0023,0.0,2.28,2.42,-2.28,0.0,805.5,9.6,-9.4,0.0,0,G0,5756.0,67.0,-66.0,0.0,1.086,0.02,-0.02,0.0,1.082,0.055,-0.056,0.0,0.318,0.058,-0.058,0.0,[Fe/H],4.402,0.013,-0.018,0.0,20h41m10.01s,310.2917002,+03d38m17.87s,3.6382967,93.7345,0.3527,-0.35,9.48,0.004,-0.004,8.052,0.033,-0.033,9.429071,0.000196,-0.000196
TOI-1062 b,TOI-1062,1,2,Transit,2021,Transiting Exoplanet Survey Satellite (TESS),0,4.11296,0.0015,-0.0015,0.0,0.052,0.024,-0.025,0.0,2.265,0.096,-0.091,0.0,0.20207011,0.00856456,-0.00811849,0.0,10.15,0.81,-0.84,0.0,0.03193547,0.00254855,-0.00264294,0.0,Mass,0.177,0.067,-0.064,0.0,232.0,11.0,-10.0,0.0,1077.0,10.0,-9.0,0.0,0,G9 V,5328.0,56.0,-56.0,0.0,0.84,0.09,-0.09,0.0,0.94,0.02,-0.02,0.0,0.14,0.04,-0.04,0.0,[Fe/H],4.55,0.09,-0.09,0.0,02h32m29.03s,38.1209678,-78d01m25.26s,-78.0236828,82.1733,0.1635,-0.1629,10.249,0.005,-0.005,8.296,0.031,-0.031,10.0008,0.000374,-0.000374
TOI-1107 b,TOI-1107,1,1,Transit,2022,Transiting Exoplanet Survey Satellite (TESS),0,4.0782387,2.4e-06,-2.5e-06,0.0,0.0561,0.0024,-0.0025,0.0,14.57167491,0.56044903,-0.56044903,0.0,1.3,0.05,-0.05,0.0,1064.725163,57.20911326,-57.20911326,0.0,3.35,0.18,-0.18,0.0,Mass,0.025,0.023,-0.016,0.0,532.0,92.0,-93.0,0.0,1728.0,27.0,-27.0,0.0,0,F6 V,6311.0,98.0,-98.0,0.0,1.81,0.06,-0.06,0.0,1.35,0.08,-0.08,0.0,-0.1,0.09,-0.09,0.0,[Fe/H],4.05,0.04,-0.04,0.0,10h22m25.89s,155.6078632,-82d13m07.93s,-82.2188693,281.314,2.031,-2.003,10.553,0.006,-0.006,9.205,0.019,-0.019,10.3745,0.000367,-0.000367
TOI-1130 b,TOI-1130,1,2,Transit,2020,Transiting Exoplanet Survey Satellite (TESS),0,4.074554,1e-06,-0.000441,0.0,0.0453,0.0001,-0.0002,0.0,3.66,0.03,-0.04,0.0,0.32652389,0.00267643,-0.00356857,0.0,19.8,0.2,-0.3,0.0,0.06229777,0.00062927,-0.00094391,0.0,Mass,0.052162,0.000956,-2e-06,0.0,78.1,5.55,-5.55,0.0,825.0,23.0,-23.0,0.0,1,K6-K7,4360.0,108.0,-108.0,0.0,0.697,0.005,-0.004,0.0,0.745,0.007,-0.009,0.0,0.11,0.1,-0.1,0.0,[Fe/H],4.55,0.07,-0.07,0.0,19h05m30.24s,286.3760037,-41d26m15.50s,-41.4376399,58.2609,0.17,-0.1691,11.595,0.026,-0.026,8.351,0.033,-0.033,10.9028,0.000774,-0.000774
TOI-1130 c,TOI-1130,1,2,Transit,2020,Transiting Exoplanet Survey Satellite (TESS),0,8.3501898,9.38e-05,-1e-06,0.0,0.0731,0.0002,-0.0003,0.0,13.0,0.4,-0.4,0.0,1.15978431,0.03568567,-0.03568567,0.0,336.0,2.0,-5.0,0.0,1.05717423,0.0062927,-0.01573176,0.0,Mass,0.0398,0.0009,-0.0002,0.0,30.0,2.13,-2.13,0.0,650.0,18.0,-18.0,0.0,1,K6-K7,4360.0,108.0,-108.0,0.0,0.697,0.005,-0.004,0.0,0.745,0.007,-0.009,0.0,0.11,0.1,-0.1,0.0,[Fe/H],4.55,0.07,-0.07,0.0,19h05m30.24s,286.3760037,-41d26m15.50s,-41.4376399,58.2609,0.17,-0.1691,11.595,0.026,-0.026,8.351,0.033,-0.033,10.9028,0.000774,-0.000774
TOI-1173 b,TOI-1173,2,1,Transit,2024,Transiting Exoplanet Survey Satellite (TESS),0,7.06466,0.00028,-0.00029,0.0,0.0696,0.0014,-0.0014,0.0,9.19,0.18,-0.18,0.0,0.8198783,0.01605855,-0.01605855,0.0,27.4,1.7,-1.7,0.0,0.08621004,0.0053488,-0.0053488,0.0,Mass,0.023,0.025,-0.016,0.0,132.0,10.0,-10.0,0.0,868.0,11.0,-11.0,0.0,0,G9,5350.0,34.0,-34.0,0.0,0.934,0.011,-0.011,0.0,0.911,0.028,-0.03,0.0,0.139,0.065,-0.065,0.0,[Fe/H],4.45,0.02,-0.02,0.0,13h10m43.94s,197.6830975,+70d46m04.84s,70.7680117,132.353,0.461,-0.458,11.038,0.009,-0.009,9.134,0.015,-0.015,10.8041,0.000359,-0.000359
TOI-1231 b,TOI-1231,1,1,Transit,2021,Transiting Exoplanet Survey Satellite (TESS),0,24.245586,6.4e-05,-6.6e-05,0.0,0.1288,0.0021,-0.0022,0.0,3.65,0.16,-0.15,0.0,0.32563175,0.01427427,-0.01338213,0.0,15.4,3.3,-3.3,0.0,0.04845382,0.01038296,-0.01038296,0.0,Mass,0.087,0.12,-0.061,0.0,1.93,0.1,-0.1,0.0,329.6,3.8,-3.7,0.0,0,M3 V,3553.0,51.0,-52.0,0.0,0.476,0.015,-0.014,0.0,0.485,0.024,-0.024,0.0,0.041,0.069,-0.063,0.0,[Fe/H],4.767,0.033,-0.035,0.0,10h26m59.34s,156.74726,-52d28m04.34s,-52.4678724,27.6227,0.0609,-0.0609,12.36,0.2,-0.2,8.069,0.026,-0.026,11.36,0.000922,-0.000922
TOI-1235 b,TOI-1235,1,1,Transit,2020,Transiting Exoplanet Survey Satellite (TESS),0,3.444714,9e-05,-9e-05,0.0,0.03845,0.00037,-0.0004,0.0,1.69,0.08,-0.08,0.0,0.15077196,0.00713713,-0.00713713,0.0,6.69,0.67,-0.69,0.0,0.02104909,0.00210806,-0.00217098,0.0,Mass,0.049,0.072,-0.035,0.0,60.3,1.6,-1.5,0.0,775.0,13.0,-13.0,0.0,0,M0.5 V,3997.0,51.0,-51.0,0.0,0.619,0.019,-0.019,0.0,0.63,0.024,-0.024,0.0,0.33,0.16,-0.16,0.0,[Fe/H],4.64,0.04,-0.04,0.0,10h08m52.38s,152.2182549,+69d16m35.83s,69.2766204,39.6345,0.0478,-0.0478,11.495,0.056,-0.056,7.893,0.023,-0.023,10.8492,0.000519,-0.000519
TOI-125 b,TOI-125,1,3,Transit,2019,Transiting Exoplanet Survey Satellite (TESS),0,4.65382,0.00033,-0.00031,0.0,0.05186,0.00086,-0.00077,0.0,2.726,0.075,-0.075,0.0,0.24319743,0.00669105,-0.00669105,0.0,9.5,0.88,-0.88,0.0,0.02989019,0.00276878,-0.00276878,0.0,Mass,0.194,0.041,-0.036,0.0,185.0,9.0,-9.0,0.0,1037.0,11.0,-11.0,0.0,0,K0 V,5320.0,39.0,-39.0,0.0,0.848,0.011,-0.011,0.0,0.859,0.044,-0.038,0.0,-0.02,0.03,-0.03,0.0,[Fe/H],4.516,0.024,-0.024,0.0,01h34m22.42s,23.5934253,-66d40m34.86s,-66.6763495,111.059,0.444,-0.44,11.023,0.008,-0.008,8.995,0.021,-0.021,10.718,0.000411,-0.000411
TOI-125 c,TOI-125,1,3,Transit,2019,Transiting Exoplanet Survey Satellite (TESS),0,9.15059,0.0007,-0.00082,0.0,0.0814,0.0013,-0.0013,0.0,2.759,0.1,-0.1,0.0,0.24614149,0.0089214,-0.0089214,0.0,6.63,0.99,-0.99,0.0,0.02086021,0.00311487,-0.00311487,0.0,Mass,0.066,0.07,-0.047,0.0,77.59,3.31,-3.31,0.0,827.8,8.6,-8.6,0.0,0,K0 V,5320.0,39.0,-39.0,0.0,0.848,0.011,-0.011,0.0,0.859,0.044,-0.038,0.0,-0.02,0.03,-0.03,0.0,[Fe/H],4.516,0.024,-0.024,0.0,01h34m22.42s,23.5934253,-66d40m34.86s,-66.6763495,111.059,0.444,-0.44,11.023,0.008,-0.008,8.995,0.021,-0.021,10.718,0.000411,-0.000411
TOI-125 d,TOI-125,1,3,Transit,2020,Transiting Exoplanet Survey Satellite (TESS),0,19.98,0.005,-0.0056,0.0,0.137,0.0022,-0.0022,0.0,2.93,0.17,-0.17,0.0,0.26139709,0.01516638,-0.01516638,0.0,13.6,1.2,-1.2,0.0,0.04279017,0.0037756,-0.0037756,0.0,Mass,0.168,0.088,-0.062,0.0,26.7,1.4,-1.4,0.0,638.1,6.6,-6.6,0.0,0,K0 V,5320.0,39.0,-39.0,0.0,0.848,0.011,-0.011,0.0,0.859,0.044,-0.038,0.0,-0.02,0.03,-0.03,0.0,[Fe/H],4.516,0.024,-0.024,0.0,01h34m22.42s,23.5934253,-66d40m34.86s,-66.6763495,111.059,0.444,-0.44,11.023,0.008,-0.008,8.995,0.021,-0.021,10.718,0.000411,-0.000411
TOI-1266 b,TOI-1266,1,3,Transit,2020,Transiting Exoplanet Survey Satellite (TESS),0,10.8945,0.00023,-0.00026,0.0,0.073,0.0011,-0.0011,0.0,2.52,0.08,-0.08,0.0,0.22481973,0.00713713,-0.00713713,0.0,4.46,0.69,-0.69,0.0,0.01403273,0.00217098,-0.00217098,0.0,Mass,0.039,0.035,-0.025,0.0,4.72,1.0,-0.66,0.0,415.0,7.0,-7.0,0.0,1,M2,3563.0,77.0,-77.0,0.0,0.4232,0.0077,-0.0079,0.0,0.437,0.021,-0.021,0.0,-0.109,0.092,-0.092,0.0,[Fe/H],4.826,0.02,-0.021,0.0,13h11m59.18s,197.9965833,+65d50m01.31s,65.8336973,36.0118,0.0295,-0.0295,12.941,0.049,-0.049,8.84,0.02,-0.02,12.1222,0.000249,-0.000249
TOI-1295 b,TOI-1295,1,1,Transit,2024,Transiting Exoplanet Survey Satellite (TESS),0,3.1968838,5e-07,-5e-07,0.0,0.047,0.002,-0.002,0.0,15.69257298,0.89671846,-0.89671846,0.0,1.4,0.08,-0.08,0.0,451.3163379,25.42627256,-25.42627256,0.0,1.42,0.08,-0.08,0.0,Mass,0.024,0.02,-0.02,0.0,1800.0,130.0,-130.0,0.0,2360.0,50.0,-50.0,0.0,0,F,6280.0,50.0,-50.0,0.0,1.7,0.03,-0.03,0.0,1.38,0.08,-0.08,0.0,0.26,0.06,-0.06,0.0,[Fe/H],4.1,0.08,-0.08,0.0,17h06m41.33s,256.6722026,+67d52m17.41s,67.8715032,388.227,4.497,-4.398,11.303,0.011,-0.011,10.08,0.016,-0.016,11.1307,0.000491,-0.000491
TOI-1431 b,TOI-1431,1,1,Transit,2021,Transiting Exoplanet Survey Satellite (TESS),0,2.650237,3e-06,-3e-06,0.0,0.046,0.002,-0.002,0.0,16.70138124,0.56044903,-0.56044903,0.0,1.49,0.05,-0.05,0.0,991.6246298,57.20911326,-57.20911326,0.0,3.12,0.18,-0.18,0.0,Mass,0.0022,0.003,-0.0016,0.0,5300.0,500.0,-470.0,0.0,2370.0,70.0,-70.0,0.0,0,Am C,7690.0,400.0,-250.0,0.0,1.92,0.07,-0.07,0.0,1.9,0.1,-0.08,0.0,0.09,0.03,-0.03,0.0,[Fe/H],4.15,0.04,-0.04,0.0,21h04m48.89s,316.2036922,+55d35m16.88s,55.5880221,148.925,1.034,-1.02,8.03,0.03,-0.03,7.439,0.029,-0.029,7.97561,0.000252,-0.000252
TOI-1468 b,TOI-1468,1,2,Transit,2022,Transiting Exoplanet Survey Satellite (TESS),0,1.8805201,2.5e-06,-3e-06,0.0,0.02107,0.00016,-0.00016,0.0,1.401,0.059,-0.06,0.0,0.12498906,0.00526364,-0.00535285,0.0,3.04,0.46,-0.46,0.0,0.00956491,0.00144732,-0.00144732,0.0,Mass,0.0099,0.018,-0.005,0.0,36.4,1.3,-1.3,0.0,683.5,6.3,-6.2,0.0,0,M3.0 V,3376.0,45.0,-44.0,0.0,0.3714,0.01,-0.01,0.0,0.3527,0.0081,-0.0079,0.0,-0.01,0.21,-0.22,0.0,[Fe/H],4.846,0.025,-0.025,0.0,01h06m36.93s,16.6538724,+19d13m29.71s,19.2249195,24.7399,0.0469,-0.0467,12.5,0.2,-0.2,8.497,0.017,-0.017,12.1172,0.000697,-0.000697
TOI-1468 c,TOI-1468,1,2,Transit,2022,Transiting Exoplanet Survey Satellite (TESS),0,15.532477,2.5e-05,-2.6e-05,0.0,0.08608,0.00065,-0.00065,0.0,2.126,0.092,-0.093,0.0,0.18966934,0.0082077,-0.00829692,0.0,4.1,1.1,-1.1,0.0,0.01290004,0.00346099,-0.00346099,0.0,Mass,0.111,0.15,-0.084,0.0,2.13,0.1,-0.12,0.0,338.1,3.1,-3.1,0.0,0,M3.0 V,3376.0,45.0,-44.0,0.0,0.3714,0.01,-0.01,0.0,0.3527,0.0081,-0.0079,0.0,-0.01,0.21,-0.22,0.0,[Fe/H],4.846,0.025,-0.025,0.0,01h06m36.93s,16.6538724,+19d13m29.71s,19.2249195,24.7399,0.0469,-0.0467,12.5,0.2,-0.2,8.497,0.017,-0.017,12.1172,0.000697,-0.000697
TOI-1728 b,TOI-1728,1,1,Transit,2020,Transiting Exoplanet Survey Satellite (TESS),0,3.49151,6.2e-05,-5.7e-05,0.0,0.0391,0.0009,-0.0009,0.0,5.05,0.16,-0.17,0.0,0.45053082,0.01427424,-0.01516638,0.0,26.78,5.43,-5.13,0.0,0.08425888,0.0170846,-0.0161407,0.0,Mass,0.057,0.054,-0.039,0.0,57.78,3.48,-3.48,0.0,767.0,8.0,-8.0,0.0,0,M0,3980.0,31.0,-32.0,0.0,0.6243,0.01,-0.0097,0.0,0.646,0.023,-0.022,0.0,0.25,0.1,-0.1,0.0,[Fe/H],4.657,0.017,-0.017,0.0,08h02m26.80s,120.6116787,+64d47m49.75s,64.7971531,60.798,0.13635,-0.13635,12.39,0.055,-0.055,8.803001,0.02,-0.02,11.7294,0.000478,-0.000478
TOI-181 b,TOI-181,1,1,Transit,2023,Transiting Exoplanet Survey Satellite (TESS),0,4.532,2e-06,-2e-06,0.0,0.0539,0.0043,-0.0036,0.0,6.9559,0.087,-0.101,0.0,0.6339,0.0079,-0.0092,0.0,46.1687,2.71,-7.83,0.0,0.1452,0.0085,-0.024,0.0,Mass,0.1543,0.06,-0.03,0.0,102.43,15.52,-14.64,0.0,895.1,32.14,-33.86,0.0,0,K,4994.0,50.0,-50.0,0.0,0.745,0.024,-0.024,0.0,0.822,0.04,-0.04,0.0,0.272,0.08,-0.08,0.0,[M/H],4.608,0.035,-0.035,0.0,23h28m41.41s,352.1725409,-34d29m29.08s,-34.4914099,96.2338,0.5781,-0.5714,11.191,0.019,-0.019,9.047,0.021,-0.021,11.0857,0.000737,-0.000737
TOI-1899 b,TOI-1899,1,1,Transit,2020,Transiting Exoplanet Survey Satellite (TESS),0,29.090312,3.6e-05,-3.5e-05,0.0,0.1525,0.0065,-0.006,0.0,11.09689089,0.33626942,-0.33626942,0.0,0.99,0.03,-0.03,0.0,212.9450327,12.71313628,-12.71313628,0.0,0.67,0.04,-0.04,0.0,Mass,0.044,0.029,-0.027,0.0,3.4,0.3,-0.2,0.0,378.0,8.0,-7.0,0.0,0,M0,3926.0,45.0,-47.0,0.0,0.607,0.017,-0.016,0.0,0.632,0.026,-0.025,0.0,0.28,0.11,-0.11,0.0,[Fe/H],4.672,0.021,-0.02,0.0,19h57m42.44s,299.4268472,+40d08m36.05s,40.1433462,128.438,0.25,-0.25,14.88,0.2,-0.2,10.509,0.018,-0.018,13.5553,0.000422,-0.000422
TOI-2010 b,TOI-2010,1,1,Transit,2023,Transiting Exoplanet Survey Satellite (TESS),0,141.834025,6.5e-05,-6.6e-05,0.0,0.5516,0.0078,-0.0093,0.0,11.81426566,0.30264248,-0.30264248,0.0,1.054,0.027,-0.027,0.0,408.7273314,17.48056238,-18.1162192,0.0,1.286,0.055,-0.057,0.0,Mass,0.212,0.022,-0.021,0.0,4.09,0.22,-0.21,0.0,400.2,5.6,-5.7,0.0,0,F0,5929.0,74.0,-74.0,0.0,1.079,0.027,-0.026,0.0,1.112,0.048,-0.055,0.0,0.168,0.055,-0.055,0.0,[Fe/H],4.417,0.021,-0.025,0.0,19h28m40.07s,292.1669417,+53d29m14.53s,53.4873694,109.19,0.322,-0.32,9.849,0.004,-0.004,8.281,0.016,-0.016,9.69568,0.00032,-0.00032
TOI-2015 b,TOI-2015,1,2,Transit,2023,Transiting Exoplanet Survey Satellite (TESS),0,3.348237,3.5e-05,-3e-05,0.0,0.029322,3e-06,-3e-06,0.0,3.309,0.013,-0.011,0.0,0.29520972,0.00115978,-0.00098136,0.0,9.2,0.32,-0.35,0.0,0.02894644,0.00100683,-0.00110122,0.0,Mass,0.0789,0.0018,-0.0016,0.0,13.185,0.387,-0.387,0.0,530.9,2.9,-3.9,0.0,1,M4 +/- 0.5,3297.0,14.0,-28.0,0.0,0.3273,0.0029,-0.0051,0.0,0.3041,0.0353,-0.0312,0.0,-0.31,0.16,-0.16,0.0,[Fe/H],5.04,0.04,-0.04,0.0,15h28m31.84s,232.1326528,+27d21m39.86s,27.361073,47.3444,0.1133,-0.1126,16.11,0.2,-0.2,10.263,0.019,-0.019,14.176,0.000602,-0.000602
TOI-2134 b,TOI-2134,1,2,Transit,2023,Transiting Exoplanet Survey Satellite (TESS),0,9.2292005,6.3e-06,-6.3e-06,0.0,0.078,0.0009,-0.0009,0.0,2.69,0.16,-0.16,0.0,0.23998614,0.01427427,-0.01427427,0.0,9.13,0.78,-0.76,0.0,0.02872619,0.00245415,-0.00239123,0.0,Mass,0.06,0.03,-0.04,0.0,32.0,2.0,-2.0,0.0,666.0,8.0,-8.0,0.0,0,K5 V,4580.0,50.0,-50.0,0.0,0.709,0.017,-0.017,0.0,0.744,0.027,-0.027,0.0,0.12,0.02,-0.02,0.0,[Fe/H],4.8,0.3,-0.3,0.0,18h07m44.52s,271.9355015,+39d04m22.54s,39.0729269,22.6202,0.016,-0.0159,8.933,0.003,-0.003,6.091,0.017,-0.017,8.5077,0.000511,-0.000511
TOI-2134 c,TOI-2134,1,2,Transit,2023,Transiting Exoplanet Survey Satellite (TESS),0,95.5,0.36,-0.25,0.0,0.371,0.004,-0.004,0.0,7.27,0.42,-0.42,0.0,0.64858707,0.03746995,-0.03746995,0.0,41.89,7.69,-7.83,0.0,0.13180068,0.02419545,-0.02463594,0.0,Mass,0.67,0.05,-0.06,0.0,1.4,0.1,-0.1,0.0,306.0,4.0,-4.0,0.0,0,K5 V,4580.0,50.0,-50.0,0.0,0.709,0.017,-0.017,0.0,0.744,0.027,-0.027,0.0,0.12,0.02,-0.02,0.0,[Fe/H],4.8,0.3,-0.3,0.0,18h07m44.52s,271.9355015,+39d04m22.54s,39.0729269,22.6202,0.016,-0.0159,8.933,0.003,-0.003,6.091,0.017,-0.017,8.5077,0.000511,-0.000511
TOI-2180 b,TOI-2180,1,1,Transit,2022,Transiting Exoplanet Survey Satellite (TESS),0,260.79,0.59,-0.58,0.0,0.828,0.012,-0.012,0.0,11.32107051,0.24659758,-0.21297063,0.0,1.01,0.022,-0.019,0.0,875.6172613,27.65107141,-25.74410097,0.0,2.755,0.087,-0.081,0.0,Mass,0.3683,0.0073,-0.0073,0.0,2.71,0.13,-0.13,0.0,348.0,3.3,-3.6,0.0,1,G5,5695.0,58.0,-60.0,0.0,1.636,0.033,-0.029,0.0,1.111,0.047,-0.046,0.0,0.253,0.057,-0.057,0.0,[Fe/H],4.057,0.015,-0.016,0.0,18h31m46.47s,277.94363,+56d39m02.44s,56.6506789,116.685,0.267,-0.266,9.162,0.002,-0.002,7.604,0.016,-0.016,9.01133,0.000236,-0.000236
TOI-2458 b,TOI-2458,1,2,Transit,2024,Transiting Exoplanet Survey Satellite (TESS),0,3.73659,0.00044,-0.00047,0.0,0.0482,0.0025,-0.0027,0.0,2.83,0.2,-0.18,0.0,0.25247612,0.01784284,-0.01605855,0.0,13.31,0.99,-0.96,0.0,0.04187794,0.00311489,-0.0030205,0.0,Mass,0.087,0.062,-0.056,0.0,865.0,98.8,-77.9,0.0,1509.4,41.4,-35.2,0.0,0,F9-F9.5,6005.0,50.0,-50.0,0.0,1.31,0.03,-0.03,0.0,1.05,0.03,-0.03,0.0,-0.1,0.05,-0.05,0.0,[Fe/H],4.2,0.05,-0.05,0.0,05h18m29.17s,79.621529,+01d15m12.38s,1.253439,112.958,0.54,-0.535,9.202,0.003,-0.003,7.891,0.023,-0.023,9.09716,0.00031,-0.00031
TOI-2580 b,TOI-2580,1,1,Transit,2024,Transiting Exoplanet Survey Satellite (TESS),0,3.39775,2e-06,-2e-06,0.0,0.048,0.003,-0.003,0.0,17.37392009,0.56044903,-0.56044903,0.0,1.55,0.05,-0.05,0.0,200.2318964,25.42627256,-25.42627256,0.0,0.63,0.08,-0.08,0.0,Mass,0.08,0.04,-0.04,0.0,1730.0,130.0,-130.0,0.0,2410.0,60.0,-60.0,0.0,0,F,6120.0,30.0,-30.0,0.0,1.81,0.06,-0.06,0.0,1.33,0.08,-0.08,0.0,0.26,0.06,-0.06,0.0,[Fe/H],4.15,0.09,-0.09,0.0,04h08m47.81s,62.1992072,+67d06m59.50s,67.1165264,379.253,4.571,-4.465,11.419,0.012,-0.012,9.877,0.02,-0.02,11.2548,0.000535,-0.000535
TOI-269 b,TOI-269,1,1,Transit,2021,Transiting Exoplanet Survey Satellite (TESS),0,3.6977104,3.7e-06,-3.7e-06,0.0,0.0345,0.0015,-0.0015,0.0,2.77,0.12,-0.12,0.0,0.24712327,0.0107057,-0.0107057,0.0,8.8,1.4,-1.4,0.0,0.0276879,0.00440489,-0.00440489,0.0,Mass,0.425,0.082,-0.086,0.0,19.0,4.0,-3.3,0.0,531.0,25.0,-25.0,0.0,0,M2 V,3514.0,70.0,-70.0,0.0,0.398,0.012,-0.012,0.0,0.3917,0.0095,-0.0095,0.0,-0.29,0.12,-0.12,0.0,[Fe/H],4.831,0.029,-0.029,0.0,05h03m23.11s,75.8462827,-54d10m39.80s,-54.1777213,57.0225,0.0757,-0.0756,14.37,0.114,-0.114,10.1,0.023,-0.023,13.4258,0.000369,-0.000369
TOI-3629 b,TOI-3629,1,1,Transit,2022,Transiting Exoplanet Survey Satellite (TESS),0,3.936551,5e-06,-6e-06,0.0,0.043,0.002,-0.002,0.0,8.29464572,0.22417961,-0.22417961,0.0,0.74,0.02,-0.02,0.0,82.63538582,6.35656814,-6.35656814,0.0,0.26,0.02,-0.02,0.0,Mass,0.05,0.05,-0.04,0.0,39.0,4.0,-4.0,0.0,690.0,20.0,-20.0,0.0,0,M1,3870.0,90.0,-90.0,0.0,0.6,0.02,-0.01,0.0,0.63,0.02,-0.02,0.0,0.4,0.1,-0.1,0.0,[Fe/H],4.67,0.05,-0.05,0.0,23h59m10.41s,359.7933851,+39d18m51.32s,39.3142556,130.091,0.548,-0.545,14.639,0.061,-0.061,10.553,0.02,-0.02,13.8375,0.000472,-0.000472
TOI-3714 b,TOI-3714,2,1,Transit,2022,Transiting Exoplanet Survey Satellite (TESS),0,2.154849,1e-06,-1e-06,0.0,0.027,0.001,-0.001,0.0,11.32107051,0.33626942,-0.33626942,0.0,1.01,0.03,-0.03,0.0,222.4798849,9.53485221,-9.53485221,0.0,0.7,0.03,-0.03,0.0,Mass,0.03,0.03,-0.02,0.0,54.0,4.0,-5.0,0.0,750.0,20.0,-20.0,0.0,0,M2,3660.0,90.0,-90.0,0.0,0.51,0.01,-0.01,0.0,0.53,0.02,-0.02,0.0,0.1,0.1,-0.1,0.0,[Fe/H],4.75,0.05,-0.05,0.0,04h38m12.56s,69.5523415,+39d27m28.81s,39.4580035,112.71,0.586,-0.579,15.7,0.2,-0.2,10.852,0.017,-0.017,14.3107,0.000499,-0.000499
TOI-3757 b,TOI-3757,1,1,Transit,2022,Transiting Exoplanet Survey Satellite (TESS),0,3.438753,4e-06,-4e-06,0.0,0.03845,0.00043,-0.00043,0.0,12.0,0.4,-0.5,0.0,1.07057014,0.03568567,-0.04460709,0.0,85.3,8.8,-8.7,0.0,0.26838381,0.0276879,-0.02737326,0.0,Mass,0.14,0.06,-0.06,0.0,55.4,3.8,-3.8,0.0,759.0,13.0,-13.0,0.0,0,M0 V,3913.0,56.0,-56.0,0.0,0.62,0.01,-0.01,0.0,0.64,0.02,-0.02,0.0,0.0,0.2,-0.2,0.0,[Fe/H],4.68,0.04,-0.04,0.0,06h04m00.87s,91.0036423,+55d01m11.93s,55.0199793,181.139,1.194,-1.179,14.812,0.064,-0.064,11.152,0.02,-0.02,14.1321,0.000442,-0.000442
TOI-3785 b,TOI-3785,1,1,Transit,2023,Transiting Exoplanet Survey Satellite (TESS),0,4.6747373,3.8e-06,-3.8e-06,0.0,0.043,0.001,-0.001,0.0,5.14,0.16,-0.16,0.0,0.45856088,0.01427427,-0.01427427,0.0,14.95,4.1,-3.92,0.0,0.04703796,0.01290004,-0.0123337,0.0,Mass,0.11,0.1,-0.08,0.0,19.1,2.0,-2.0,0.0,582.0,16.0,-16.0,0.0,0,M2 V,3576.0,88.0,-88.0,0.0,0.5,0.01,-0.01,0.0,0.52,0.02,-0.02,0.0,0.099,0.117,-0.117,0.0,[Fe/H],4.747,0.0458,-0.0458,0.0,08h43m36.05s,130.9002258,+63d04m41.08s,63.0780768,79.7634,0.2243,-0.223,14.595,0.101,-0.101,10.165,0.022,-0.022,13.6559,0.00036,-0.00036
TOI-3884 b,TOI-3884,1,1,Transit,2022,Transiting Exoplanet Survey Satellite (TESS),0,4.5445828,9.8e-06,-9.8e-06,0.0,0.0361,0.0008,-0.0008,0.0,6.43,0.2,-0.2,0.0,0.57364716,0.01784284,-0.01784284,0.0,32.59,7.31,-7.38,0.0,0.10253961,0.02299983,-0.02322008,0.0,Mass,0.06,0.06,-0.04,0.0,6.29,0.84,-0.84,0.0,441.0,15.0,-15.0,0.0,0,M4,3180.0,88.0,-88.0,0.0,0.302,0.012,-0.012,0.0,0.298,0.018,-0.018,0.0,0.04,0.12,-0.12,0.0,[Fe/H],4.97,0.05,-0.05,0.0,12h06m17.24s,181.5718341,+12d30m25.29s,12.5070258,43.1448,0.169,-0.1678,15.744,0.008,-0.008,10.24,0.017,-0.017,14.2747,0.000755,-0.000755
TOI-4010 b,TOI-4010,1,4,Transit,2023,Transiting Exoplanet Survey Satellite (TESS),0,1.348335,3e-06,-2e-06,0.0,0.0229,0.0002,-0.0002,0.0,3.02,0.08,-0.08,0.0,0.26942682,0.00713713,-0.00713713,0.0,11.0,1.29,-1.27,0.0,0.03460987,0.00405879,-0.00399587,0.0,Mass,0.03,0.03,-0.02,0.0,714.0,28.0,-26.0,0.0,1441.0,14.0,-13.0,0.0,0,K V,4960.0,36.0,-36.0,0.0,0.83,0.01,-0.01,0.0,0.88,0.03,-0.03,0.0,0.37,0.07,-0.07,0.0,[Fe/H],4.54,0.02,-0.02,0.0,01h20m51.56s,20.2148196,+66d04m19.92s,66.0722009,177.504,0.994,-0.982,12.291,0.069,-0.069,10.157,0.021,-0.021,12.1216,0.000207,-0.000207
TOI-4010 c,TOI-4010,1,4,Transit,2023,Transiting Exoplanet Survey Satellite (TESS),0,5.414654,7e-06,-7e-06,0.0,0.058,0.001,-0.001,0.0,5.93,0.11,-0.12,0.0,0.52904008,0.00981356,-0.0107057,0.0,20.31,2.13,-2.11,0.0,0.06390241,0.00670173,-0.0066388,0.0,Mass,0.03,0.03,-0.02,0.0,112.0,4.0,-4.0,0.0,907.0,9.0,-8.0,0.0,0,K V,4960.0,36.0,-36.0,0.0,0.83,0.01,-0.01,0.0,0.88,0.03,-0.03,0.0,0.37,0.07,-0.07,0.0,[Fe/H],4.54,0.02,-0.02,0.0,01h20m51.56s,20.2148196,+66d04m19.92s,66.0722009,177.504,0.994,-0.982,12.291,0.069,-0.069,10.157,0.021,-0.021,12.1216,0.000207,-0.000207
TOI-4010 d,TOI-4010,1,4,Transit,2023,Transiting Exoplanet Survey Satellite (TESS),0,14.70886,3e-05,-3e-05,0.0,0.113,0.001,-0.001,0.0,6.18,0.14,-0.15,0.0,0.55134362,0.01248998,-0.01338213,0.0,38.15,3.27,-3.22,0.0,0.12003332,0.01028857,-0.01013125,0.0,Mass,0.07,0.03,-0.03,0.0,30.0,1.0,-1.0,0.0,650.0,6.0,-6.0,0.0,0,K V,4960.0,36.0,-36.0,0.0,0.83,0.01,-0.01,0.0,0.88,0.03,-0.03,0.0,0.37,0.07,-0.07,0.0,[Fe/H],4.54,0.02,-0.02,0.0,01h20m51.56s,20.2148196,+66d04m19.92s,66.0722009,177.504,0.994,-0.982,12.291,0.069,-0.069,10.157,0.021,-0.021,12.1216,0.000207,-0.000207
TOI-406 c,TOI-406,1,2,Transit,2024,Transiting Exoplanet Survey Satellite (TESS),0,3.307441,1e-05,-8e-06,0.0,0.0322,0.0013,-0.0013,0.0,1.32,0.12,-0.12,0.0,0.11776272,0.0107057,-0.0107057,0.0,2.08,0.23,-0.22,0.0,0.00654441,0.00072366,-0.0006922,0.0,Mass,0.032,0.037,-0.023,0.0,19.0,3.0,-3.0,0.0,584.0,22.0,-22.0,0.0,0,M3,3392.0,44.0,-44.0,0.0,0.41,0.029,-0.027,0.0,0.408,0.046,-0.042,0.0,-0.02,0.04,-0.04,0.0,[M/H],4.69,0.04,-0.04,0.0,03h17m03.03s,49.2626428,-42d14m38.94s,-42.2441492,31.0597,0.0341,-0.034,13.773,0.038,-0.038,8.848,0.021,-0.021,12.5528,0.000332,-0.000332
TOI-406.01,TOI-406,1,2,Transit,2024,Transiting Exoplanet Survey Satellite (TESS),0,13.175682,1.7e-05,-1.6e-05,0.0,0.0809,0.0031,-0.0031,0.0,2.08,0.16,-0.15,0.0,0.18556549,0.01427427,-0.01338213,0.0,6.57,1.0,-0.9,0.0,0.02067153,0.00314635,-0.00283172,0.0,Mass,0.056,0.035,-0.034,0.0,3.0,0.5,-0.5,0.0,368.0,14.0,-14.0,0.0,0,M3,3392.0,44.0,-44.0,0.0,0.41,0.029,-0.027,0.0,0.408,0.046,-0.042,0.0,-0.02,0.04,-0.04,0.0,[M/H],4.69,0.04,-0.04,0.0,03h17m03.03s,49.2626428,-42d14m38.94s,-42.2441492,31.0597,0.0341,-0.034,13.773,0.038,-0.038,8.848,0.021,-0.021,12.5528,0.000332,-0.000332
TOI-4127 b,TOI-4127,1,1,Transit,2023,Transiting Exoplanet Survey Satellite (TESS),0,56.39879,0.0001,-0.0001,0.0,0.3081,0.0055,-0.0058,0.0,12.28504285,0.43715025,-0.35868738,0.0,1.096,0.039,-0.032,0.0,731.0053361,34.96112477,-34.96112477,0.0,2.3,0.11,-0.11,0.0,Mass,0.7471,0.0078,-0.0086,0.0,22.3,1.5,-1.5,0.0,605.1,9.6,-8.2,0.0,0,F V,6096.0,115.0,-115.0,0.0,1.293,0.05,-0.05,0.0,1.23,0.07,-0.07,0.0,0.14,0.12,-0.12,0.0,[Fe/H],4.26,0.14,-0.14,0.0,07h01m37.09s,105.4045516,+72d24m53.75s,72.4149297,319.632,3.351,-3.283,11.441,0.01,-0.01,10.245,0.016,-0.016,11.4122,0.000533,-0.000533
TOI-4201 b,TOI-4201,1,1,Transit,2023,Transiting Exoplanet Survey Satellite (TESS),0,3.5819194,1.1e-06,-1.1e-06,0.0,0.04,0.001,-0.001,0.0,13.67495645,0.44835923,-0.44835923,0.0,1.22,0.04,-0.04,0.0,788.2144494,28.60455663,-28.60455663,0.0,2.48,0.09,-0.09,0.0,Mass,0.041,0.015,-0.015,0.0,45.2,3.2,-3.2,0.0,725.0,20.0,-20.0,0.0,0,M1.0+/-0.5,3794.0,79.0,-79.0,0.0,0.63,0.02,-0.02,0.0,0.61,0.02,-0.02,0.0,0.52,0.08,-0.08,0.0,[Fe/H],4.64,0.03,-0.03,0.0,06h01m53.93s,90.4747237,-13d27m40.94s,-13.461371,189.011,0.9885,-0.9885,15.163,0.08,-0.08,11.368,0.025,-0.025,14.5001,0.000441,-0.000441
TOI-421 b,TOI-421,2,2,Transit,2020,Transiting Exoplanet Survey Satellite (TESS),0,5.197576,5e-06,-5e-06,0.0,0.0554,0.001,-0.001,0.0,2.64,0.08,-0.08,0.0,0.23552543,0.00713713,-0.00713713,0.0,6.7,0.6,-0.6,0.0,0.02108056,0.00188781,-0.00188781,0.0,Mass,0.13,0.05,-0.05,0.0,154.57,10.53,-9.73,0.0,922.0,14.0,-14.0,0.0,0,G9 V,5291.0,64.0,-64.0,0.0,0.866,0.006,-0.006,0.0,0.833,0.048,-0.054,0.0,-0.044,0.04,-0.04,0.0,[Fe/H],4.48,0.03,-0.03,0.0,05h27m24.79s,81.8532824,-14d16m36.27s,-14.2767404,74.7969,0.2041,-0.2029,9.931,0.006,-0.006,8.071,0.018,-0.018,9.77776,0.000189,-0.000189
TOI-421 c,TOI-421,2,2,Transit,2020,Transiting Exoplanet Survey Satellite (TESS),0,16.067541,4e-06,-4e-06,0.0,0.117,0.0018,-0.0018,0.0,5.09,0.07,-0.07,0.0,0.45410017,0.00624499,-0.00624499,0.0,14.1,1.4,-1.4,0.0,0.04436356,0.00440489,-0.00440489,0.0,Mass,0.19,0.04,-0.04,0.0,34.32,2.34,-2.16,0.0,635.0,9.0,-9.0,0.0,0,G9 V,5291.0,64.0,-64.0,0.0,0.866,0.006,-0.006,0.0,0.833,0.048,-0.054,0.0,-0.044,0.04,-0.04,0.0,[Fe/H],4.48,0.03,-0.03,0.0,05h27m24.79s,81.8532824,-14d16m36.27s,-14.2767404,74.7969,0.2041,-0.2029,9.931,0.006,-0.006,8.071,0.018,-0.018,9.77776,0.000189,-0.000189
TOI-4438 b,TOI-4438,1,1,Transit,2024,Transiting Exoplanet Survey Satellite (TESS),0,7.44628,9e-06,-9e-06,0.0,0.0534,0.0037,-0.0037,0.0,2.52,0.13,-0.13,0.0,0.22481973,0.01159784,-0.01159784,0.0,5.4,1.1,-1.1,0.0,0.0169903,0.00346099,-0.00346099,0.0,Mass,0.14,0.09,-0.09,0.0,6.0,0.9,-0.77,0.0,435.0,15.0,-15.0,0.0,0,M3.5 V,3422.0,81.0,-81.0,0.0,0.372,0.018,-0.018,0.0,0.368,0.021,-0.021,0.0,-0.19,0.05,-0.05,0.0,[Fe/H],4.68,0.04,-0.04,0.0,18h01m16.14s,270.3172389,+35d35m41.64s,35.5948992,30.0346,0.0233,-0.0233,13.69,0.045,-0.045,8.869,0.018,-0.018,12.5196,0.000337,-0.000337
TOI-4603 b,TOI-4603,1,1,Transit,2023,Transiting Exoplanet Survey Satellite (TESS),0,7.24599,0.00022,-0.00021,0.0,0.0888,0.001,-0.001,0.0,11.67975789,0.42594127,-0.39231432,0.0,1.042,0.038,-0.035,0.0,4096.808166,184.3404761,-181.162192,0.0,12.89,0.58,-0.57,0.0,Mass,0.325,0.02,-0.02,0.0,1192.0,71.0,-68.0,0.0,1677.0,24.0,-24.0,0.0,0,F,6264.0,95.0,-94.0,0.0,2.738,0.048,-0.05,0.0,1.765,0.061,-0.061,0.0,0.342,0.039,-0.04,0.0,[Fe/H],3.81,0.021,-0.02,0.0,05h35m27.82s,83.8659288,+21d17m39.27s,21.2942417,225.643,2.484,-2.432,9.24,0.03,-0.03,7.786,0.017,-0.017,9.07469,0.000241,-0.000241
TOI-4860 b,TOI-4860,1,1,Transit,2023,Transiting Exoplanet Survey Satellite (TESS),0,1.5227591,3e-07,-3e-07,0.0,0.01808,0.00015,-0.00015,0.0,8.7,0.4,-0.4,0.0,0.77,0.03,-0.03,0.0,86.7,1.9,-1.9,0.0,0.273,0.006,-0.006,0.0,Mass,0.008,0.013,-0.006,0.0,42.5,1.9,-1.9,0.0,694.0,15.0,-15.0,0.0,0,M3.5 V,3260.0,50.0,-50.0,0.0,0.358,0.015,-0.015,0.0,0.34,0.009,-0.009,0.0,0.27,0.12,-0.12,0.0,[Fe/H],4.86,0.04,-0.04,0.0,12h14m15.35s,183.563961,-13d10m29.43s,-13.1748411,80.1423,0.6481,-0.6379,16.47,0.2,-0.2,11.175,0.026,-0.026,15.1091,0.001287,-0.001287
TOI-500 b,TOI-500,1,4,Transit,2022,Transiting Exoplanet Survey Satellite (TESS),0,0.548177,1.9e-05,-1.9e-05,0.0,0.01189,0.00041,-0.0004,0.0,1.166,0.061,-0.058,0.0,0.10402373,0.00544206,-0.00517442,0.0,1.42,0.18,-0.18,0.0,0.00446782,0.00056634,-0.00056634,0.0,Mass,0.063,0.073,-0.044,0.0,1138.0,123.0,-112.0,0.0,1617.0,41.0,-41.0,0.0,0,K6 V,4440.0,100.0,-100.0,0.0,0.678,0.016,-0.016,0.0,0.74,0.017,-0.017,0.0,0.12,0.08,-0.08,0.0,[Fe/H],4.618,0.017,-0.017,0.0,07h06m14.18s,106.559098,-47d35m16.14s,-47.5878156,47.3924,0.0473,-0.0473,10.54,0.03,-0.03,7.715,0.026,-0.026,10.1026,0.000308,-0.000308
TOI-5542 b,TOI-5542,1,1,Transit,2022,Transiting Exoplanet Survey Satellite (TESS),0,75.12375,0.00019,-0.00018,0.0,0.332,0.016,-0.016,0.0,11.30986153,0.40352331,-0.39231432,0.0,1.009,0.036,-0.035,0.0,419.5334972,31.7828407,-31.7828407,0.0,1.32,0.1,-0.1,0.0,Mass,0.018,0.026,-0.013,0.0,9.6,1.0,-0.9,0.0,441.0,48.0,-74.0,0.0,0,G3 V,5700.0,80.0,-80.0,0.0,1.058,0.036,-0.036,0.0,0.89,0.056,-0.031,0.0,-0.21,0.08,-0.08,0.0,[Fe/H],4.2,0.2,-0.2,0.0,20h11m11.62s,302.7984228,-61d08m07.68s,-61.1354659,348.849,3.678,-3.604,12.42,0.046,-0.046,10.897,0.021,-0.021,12.2819,0.000189,-0.000189
TOI-561 c,TOI-561,1,4,Transit,2020,Transiting Exoplanet Survey Satellite (TESS),0,10.778838,1.8e-05,-1.8e-05,0.0,0.0889,0.0013,-0.0013,0.0,2.865,0.041,-0.041,0.0,0.25559862,0.00365778,-0.00365778,0.0,5.93,0.67,-0.67,0.0,0.01865787,0.00210806,-0.00210806,0.0,Mass,0.023,0.034,-0.017,0.0,67.5,2.2,-2.2,0.0,802.0,12.0,-12.0,0.0,0,G9 V,5342.0,57.0,-54.0,0.0,0.843,0.005,-0.005,0.0,0.806,0.036,-0.036,0.0,-0.41,0.05,-0.05,0.0,[Fe/H],4.47,0.01,-0.01,0.0,09h52m44.44s,148.1851516,+06d12m57.97s,6.216103,85.799,0.4988,-0.4932,10.252,0.006,-0.006,8.394,0.019,-0.019,10.0128,0.000278,-0.000278
TOI-561 d,TOI-561,1,4,Transit,2020,Transiting Exoplanet Survey Satellite (TESS),1,25.71268,0.00012,-0.00012,0.0,0.1587,0.0024,-0.0024,0.0,2.615,0.059,-0.059,0.0,0.23329508,0.00526364,-0.00526364,0.0,13.33,0.98,-0.98,0.0,0.04194087,0.00308342,-0.00308342,0.0,Mass,0.111,0.05,-0.039,0.0,21.2,0.7,-0.7,0.0,600.0,9.0,-9.0,0.0,0,G9 V,5342.0,57.0,-54.0,0.0,0.843,0.005,-0.005,0.0,0.806,0.036,-0.036,0.0,-0.41,0.05,-0.05,0.0,[Fe/H],4.47,0.01,-0.01,0.0,09h52m44.44s,148.1851516,+06d12m57.97s,6.216103,85.799,0.4988,-0.4932,10.252,0.006,-0.006,8.394,0.019,-0.019,10.0128,0.000278,-0.000278
TOI-561 e,TOI-561,1,4,Transit,2020,Transiting Exoplanet Survey Satellite (TESS),1,77.144,0.00027,-0.00027,0.0,0.33,0.005,-0.005,0.0,2.517,0.045,-0.045,0.0,0.22455209,0.00401464,-0.00401464,0.0,12.4,1.4,-1.4,0.0,0.03901476,0.00440489,-0.00440489,0.0,Mass,0.074,0.044,-0.039,0.0,4.89,0.16,-0.16,0.0,416.0,6.0,-6.0,0.0,0,G9 V,5342.0,57.0,-54.0,0.0,0.843,0.005,-0.005,0.0,0.806,0.036,-0.036,0.0,-0.41,0.05,-0.05,0.0,[Fe/H],4.47,0.01,-0.01,0.0,09h52m44.44s,148.1851516,+06d12m57.97s,6.216103,85.799,0.4988,-0.4932,10.252,0.006,-0.006,8.394,0.019,-0.019,10.0128,0.000278,-0.000278
TOI-6130 b,TOI-6130,1,1,Transit,2024,Transiting Exoplanet Survey Satellite (TESS),0,2.392679,2e-06,-2e-06,0.0,0.036,0.002,-0.002,0.0,14.3474953,0.33626942,-0.33626942,0.0,1.28,0.03,-0.03,0.0,333.7198274,19.06970442,-19.06970442,0.0,1.05,0.06,-0.06,0.0,Mass,0.036,0.018,-0.018,0.0,1150.0,80.0,-80.0,0.0,1750.0,40.0,-40.0,0.0,0,F,6110.0,50.0,-50.0,0.0,1.51,0.03,-0.03,0.0,1.31,0.08,-0.08,0.0,0.28,0.06,-0.06,0.0,[Fe/H],4.19,0.08,-0.08,0.0,22h36m49.22s,339.2050832,+16d49m37.90s,16.8271941,220.882,2.637,-2.576,11.21,0.011,-0.011,9.655,0.018,-0.018,10.9775,0.000588,-0.000588
TOI-733 b,TOI-733,1,1,Transit,2023,Transiting Exoplanet Survey Satellite (TESS),0,4.884765,1.9e-05,-2.4e-05,0.0,0.0618,0.0036,-0.0039,0.0,1.992,0.085,-0.09,0.0,0.17771464,0.00758321,-0.00802928,0.0,5.72,0.7,-0.68,0.0,0.01799713,0.00220245,-0.00213952,0.0,Mass,0.046,0.056,-0.033,0.0,207.1,29.9,-23.5,0.0,1055.8,36.2,-31.3,0.0,0,G,5585.0,60.0,-60.0,0.0,0.949,0.008,-0.012,0.0,0.956,0.05,-0.026,0.0,-0.04,0.05,-0.05,0.0,[Fe/H],4.47,0.05,-0.05,0.0,10h37m38.24s,159.4093183,-40d53m17.73s,-40.888259,75.2092,0.1764,-0.1756,9.44,0.003,-0.003,7.845,0.024,-0.024,9.28881,0.000118,-0.000118
TOI-771 b,TOI-771,1,2,Transit,2024,Transiting Exoplanet Survey Satellite (TESS),0,2.3260155,1e-06,-9e-07,0.0,0.0208,0.0009,-0.001,0.0,1.36,0.1,-0.1,0.0,0.12133128,0.00892142,-0.00892142,0.0,2.47,0.32,-0.31,0.0,0.00777149,0.00100683,-0.00097537,0.0,Mass,0.055,0.047,-0.036,0.0,14.0,4.0,-3.0,0.0,543.0,28.0,-34.0,0.0,0,M3,3370.0,100.0,-100.0,0.0,0.232,0.017,-0.023,0.0,0.22,0.03,-0.035,0.0,-0.13,0.07,-0.07,0.0,[Fe/H],4.8,0.07,-0.07,0.0,10h56m27.33s,164.1138903,-72d59m06.62s,-72.9851736,25.2788,0.0257,-0.0257,14.888,0.08,-0.08,9.664,0.021,-0.021,13.3671,0.000591,-0.000591
TOI-776 b,TOI-776,1,2,Transit,2020,Transiting Exoplanet Survey Satellite (TESS),0,8.24662,2.4e-05,-3.1e-05,0.0,0.0653,0.0014,-0.0016,0.0,1.798,0.078,-0.077,0.0,0.16040709,0.00695871,-0.00686949,0.0,5.0,1.6,-1.6,0.0,0.01573176,0.00503416,-0.00503416,0.0,Mass,0.052,0.037,-0.035,0.0,11.5,0.6,-0.6,0.0,520.0,12.0,-12.0,0.0,0,M1 V,3725.0,60.0,-60.0,0.0,0.547,0.017,-0.017,0.0,0.542,0.04,-0.039,0.0,-0.21,0.08,-0.08,0.0,[Fe/H],4.8,0.1,-0.1,0.0,11h54m18.72s,178.577997,-37d33m12.08s,-37.5533568,27.1701,0.03205,-0.03205,11.536,0.041,-0.041,7.615,0.02,-0.02,10.7409,0.000478,-0.000478
TOI-776 c,TOI-776,1,2,Transit,2020,Transiting Exoplanet Survey Satellite (TESS),0,15.665323,7.5e-05,-7e-05,0.0,0.1001,0.0022,-0.0024,0.0,2.047,0.081,-0.078,0.0,0.18262142,0.00722635,-0.00695871,0.0,6.9,2.6,-2.5,0.0,0.02170983,0.00818051,-0.00786588,0.0,Mass,0.089,0.048,-0.054,0.0,4.9,0.2,-0.2,0.0,420.0,10.0,-10.0,0.0,0,M1 V,3725.0,60.0,-60.0,0.0,0.547,0.017,-0.017,0.0,0.542,0.04,-0.039,0.0,-0.21,0.08,-0.08,0.0,[Fe/H],4.8,0.1,-0.1,0.0,11h54m18.72s,178.577997,-37d33m12.08s,-37.5533568,27.1701,0.03205,-0.03205,11.536,0.041,-0.041,7.615,0.02,-0.02,10.7409,0.000478,-0.000478
TOI-836 b,TOI-836,1,2,Transit,2023,Transiting Exoplanet Survey Satellite (TESS),0,3.81673,1e-05,-1e-05,0.0,0.0422,0.00093,-0.00093,0.0,1.704,0.067,-0.067,0.0,0.15202096,0.00597735,-0.00597735,0.0,4.53,0.92,-0.86,0.0,0.01425297,0.00289464,-0.00270586,0.0,Mass,0.053,0.042,-0.042,0.0,78.838,0.015,-0.015,0.0,871.0,36.0,-36.0,0.0,0,K V,4552.0,154.0,-154.0,0.0,0.665,0.01,-0.01,0.0,0.678,0.049,-0.041,0.0,-0.284,0.067,-0.067,0.0,[Fe/H],4.743,0.105,-0.105,0.0,15h00m19.17s,225.0798831,-24d27m15.13s,-24.4542022,27.5024,0.0294,-0.0293,9.92,0.03,-0.03,6.804,0.018,-0.018,9.40475,0.000443,-0.000443
TOI-836 c,TOI-836,1,2,Transit,2023,Transiting Exoplanet Survey Satellite (TESS),0,8.59545,1e-05,-1e-05,0.0,0.075,0.0016,-0.0016,0.0,2.587,0.088,-0.088,0.0,0.23079708,0.00785085,-0.00785085,0.0,9.6,2.7,-2.5,0.0,0.03020498,0.00849515,-0.00786588,0.0,Mass,0.078,0.056,-0.056,0.0,26.707,0.003,-0.003,0.0,665.0,27.0,-27.0,0.0,1,K V,4552.0,154.0,-154.0,0.0,0.665,0.01,-0.01,0.0,0.678,0.049,-0.041,0.0,-0.284,0.067,-0.067,0.0,[Fe/H],4.743,0.105,-0.105,0.0,15h00m19.17s,225.0798831,-24d27m15.13s,-24.4542022,27.5024,0.0294,-0.0293,9.92,0.03,-0.03,6.804,0.018,-0.018,9.40475,0.000443,-0.000443
TOI-908 b,TOI-908,1,1,Transit,2023,Transiting Exoplanet Survey Satellite (TESS),0,3.183792,7e-06,-7e-06,0.0,0.041657,2e-06,-2e-06,0.0,3.186,0.155,-0.155,0.0,0.28423637,0.0138282,-0.0138282,0.0,16.137,4.112,-4.039,0.0,0.05077268,0.0129378,-0.01270812,0.0,Mass,0.132,0.091,-0.091,0.0,80.884,0.006,-0.006,0.0,1317.0,38.0,-38.0,0.0,0,G V,5626.0,61.0,-61.0,0.0,1.028,0.03,-0.03,0.0,0.95,0.01,-0.01,0.0,0.08,0.04,-0.04,0.0,[Fe/H],4.45,0.03,-0.03,0.0,03h32m38.26s,53.1594266,-81d15m02.68s,-81.250745,175.748,0.638,-0.634,11.316,0.012,-0.012,9.637,0.021,-0.021,11.1061,0.000404,-0.000404
WASP-132 b,WASP-132,1,3,Transit,2016,SuperWASP-South,0,7.1335164,1.9e-06,-1.9e-06,0.0,0.0674,0.0029,-0.0029,0.0,10.09929161,0.42594127,-0.42594127,0.0,0.901,0.038,-0.038,0.0,136.0305582,4.76742611,-4.76742611,0.0,0.428,0.015,-0.015,0.0,Mass,0.0163,0.0067,-0.0069,0.0,58.5,5.3,-4.7,0.0,682.0,75.0,-114.0,0.0,0,K4 V,4686.0,99.0,-99.0,0.0,0.758,0.032,-0.032,0.0,0.789,0.039,-0.039,0.0,0.15,0.05,-0.05,0.0,[Fe/H],4.56,0.03,-0.03,0.0,14h30m26.21s,217.6091998,-46d09m34.26s,-46.159516,122.91,0.568,-0.562,11.938,0.046,-0.046,9.674,0.024,-0.024,11.7538,0.000341,-0.000341
WASP-18 b,WASP-18,2,2,Transit,2009,SuperWASP,0,0.94145223,2.4e-07,-2.4e-07,0.0,0.02024,0.00029,-0.00031,0.0,13.89913607,0.88550948,-0.88550948,0.0,1.24,0.079,-0.079,0.0,3241.849751,111.2399425,-111.2399425,0.0,10.2,0.35,-0.35,0.0,Mass,0.0051,0.007,-0.0037,0.0,5805.0,808.0,-639.0,0.0,2429.0,77.0,-70.0,0.0,1,F6 IV-V,6432.0,48.0,-48.0,0.0,1.319,0.061,-0.062,0.0,1.294,0.063,-0.061,0.0,0.107,0.08,-0.08,0.0,[Fe/H],4.31,0.036,-0.033,0.0,01h37m25.07s,24.3544618,-45d40m40.06s,-45.6777937,123.483,0.371,-0.369,9.28,0.03,-0.03,8.131,0.027,-0.027,9.16617,0.000236,-0.000236
WASP-19 b,WASP-19,1,1,Transit,2009,SuperWASP,0,0.78883852,7.5e-07,-8.2e-07,0.0,0.01652,0.0005,-0.00056,0.0,15.86070769,0.49319515,-0.53803107,0.0,1.415,0.044,-0.048,0.0,366.7739817,24.79061575,-25.42627256,0.0,1.154,0.078,-0.08,0.0,Mass,0.0126,0.014,-0.0089,0.0,3320.0,190.0,-180.0,0.0,2113.0,29.0,-29.0,0.0,0,G8 V,5616.0,66.0,-65.0,0.0,1.006,0.031,-0.034,0.0,0.965,0.091,-0.095,0.0,0.04,0.25,-0.3,0.0,[Fe/H],4.417,0.02,-0.021,0.0,09h53m40.02s,148.4167672,-45d39m32.79s,-45.6591078,268.325,1.72,-1.698,12.248,0.069,-0.069,10.481,0.023,-0.023,12.1088,0.000533,-0.000533
WASP-193 b,WASP-193,1,1,Transit,2023,WASP-South,0,6.2463345,3e-07,-3e-07,0.0,0.0676,0.0015,-0.0015,0.0,16.40994774,0.66132986,-0.6389119,0.0,1.464,0.059,-0.057,0.0,44.17814857,9.2170238,-9.2170238,0.0,0.139,0.029,-0.029,0.0,Mass,0.056,0.068,-0.04,0.0,413.0,39.0,-42.0,0.0,1254.0,31.0,-31.0,0.0,0,F9,6078.0,120.0,-120.0,0.0,1.239,0.028,-0.028,0.0,1.059,0.067,-0.068,0.0,-0.06,0.088,-0.088,0.0,[Fe/H],4.284,0.033,-0.033,0.0,10h57m23.79s,164.3491401,-29d59m49.64s,-29.9971229,362.087,5.384,-5.232,11.972,0.023,-0.023,10.745,0.035,-0.035,12.0421,0.000261,-0.000261
WASP-2 b,WASP-2,2,1,Transit,2007,SuperWASP,0,2.152175,1.2e-05,-1.1e-05,0.0,0.03144,0.00088,-0.00087,0.0,12.116929,0.459569,-0.44836,0.0,1.081,0.041,-0.04,0.0,295.89973,19.0698,-18.43414,0.0,0.931,0.06,-0.058,0.0,Mass,0.0054,0.009,-0.0044,0.0,492.0,80.0,-71.0,0.0,1311.0,52.0,-50.0,0.0,0,K1,5180.0,190.0,-190.0,0.0,0.866,0.031,-0.03,0.0,0.895,0.077,-0.072,0.0,0.12,0.21,-0.19,0.0,[Fe/H],4.514,0.018,-0.018,0.0,20h30m54.13s,307.7255587,+06d25m45.59s,6.4293305,153.242,1.64,-1.605,11.728,0.034,-0.034,9.632,0.024,-0.024,11.5638,0.001019,-0.001019
WASP-47 b,WASP-47,1,4,Transit,2012,SuperWASP,0,4.159151,4e-07,-4e-07,0.0,0.052,0.0006,-0.0006,0.0,12.86,0.1,-0.1,0.0,1.14729433,0.00892142,-0.00892142,0.0,374.0,17.0,-16.0,0.0,1.1767356,0.05348798,-0.05034163,0.0,Mass,0.0006,0.0005,-0.0002,0.0,534.0,227.0,-227.0,0.0,1275.0,23.0,-23.0,0.0,1,G9,5565.0,60.0,-60.0,0.0,1.156,0.009,-0.009,0.0,1.058,0.047,-0.047,0.0,0.43,0.04,-0.04,0.0,[Fe/H],4.3437,0.0063,-0.0063,0.0,22h04m48.74s,331.203092,-12d01m08.64s,-12.019067,264.78,4.888,-4.716,11.936,0.046,-0.046,10.192,0.026,-0.026,11.7889,0.000253,-0.000253
WASP-77 A b,WASP-77 A,2,1,Transit,2012,SuperWASP,0,1.360029395,5.7e-08,-5.7e-08,0.0,0.023233633,3.7e-08,-3.7e-08,0.0,13.56,0.22,-0.22,0.0,1.21,0.02,-0.02,0.0,529.311429,0.14302278,-0.14302278,0.0,1.6654,0.00045,-0.00045,0.0,Mass,0.01353,0.0006,-0.0006,0.0,1440.0,90.0,-80.0,0.0,1674.0,24.0,-24.0,0.0,0,G8 V,5617.0,72.0,-72.0,0.0,0.91,0.025,-0.023,0.0,0.903,0.066,-0.059,0.0,-0.1,0.1,-0.11,0.0,[Fe/H],4.476,0.014,-0.015,0.0,02h28m37.33s,37.1555223,-07d03m38.40s,-7.0606675,105.166,1.209,-1.182,10.294,0.007,-0.007,8.405,0.031,-0.031,10.0966,0.00158,-0.00158
Wolf 503 b,Wolf 503,1,1,Transit,2018,K2,0,6.00127,2.1e-05,-2.1e-05,0.0,0.05712,0.00063,-0.00045,0.0,2.043,0.069,-0.069,0.0,0.18226457,0.00615578,-0.00615578,0.0,6.27,0.85,-0.84,0.0,0.01972763,0.0026744,-0.00264294,0.0,Mass,0.409,0.085,-0.085,0.0,64.7,5.5,-5.5,0.0,789.0,16.0,-16.0,0.0,0,K3.5 V,4716.0,60.0,-60.0,0.0,0.689,0.021,-0.02,0.0,0.688,0.023,-0.016,0.0,-0.47,0.08,-0.08,0.0,[Fe/H],4.62,0.02,-0.01,0.0,13h47m23.09s,206.8461979,-06d08m21.61s,-6.1393369,44.526,0.0964,-0.0961,10.27,0.03,-0.03,7.617,0.023,-0.023,9.89816,0.000337,-0.000337
XO-7 b,XO-7,1,1,Transit,2019,XO,0,2.8641424,4.3e-06,-4.3e-06,0.0,0.04421,0.00062,-0.00062,0.0,15.389957,0.291434,-0.291434,0.0,1.373,0.026,-0.026,0.0,225.34147,10.80622,-10.80622,0.0,0.709,0.034,-0.034,0.0,Mass,0.038,0.033,-0.033,0.0,1540.0,81.0,-81.0,0.0,1743.0,23.0,-23.0,0.0,0,G0 V,6250.0,100.0,-100.0,0.0,1.48,0.022,-0.022,0.0,1.405,0.059,-0.059,0.0,0.432,0.057,-0.057,0.0,[Fe/H],4.246,0.023,-0.023,0.0,18h29m54.74s,277.4780753,+85d13m59.95s,85.2333208,234.149,1.194,-1.181,10.521,0.006,-0.006,9.241,0.024,-0.024,10.4575,0.000449,-0.000449
